Copyright 1986-2022 Xilinx, Inc. All Rights Reserved. Copyright 2022-2025 Advanced Micro Devices, Inc. All Rights Reserved.
------------------------------------------------------------------------------------------------------------------------------------------------------------------------------------------------------------------------------------------
| Tool Version : Vivado v.2025.2 (win64) Build 6299465 Fri Nov 14 19:35:11 GMT 2025
| Date         : Wed Aug 19 16:26:14 2026
| Host         : MSI running 64-bit major release  (build 9200)
| Command      : report_timing_summary -max_paths 10 -routable_nets -report_unconstrained -file basys3_top_timing_summary_routed.rpt -pb basys3_top_timing_summary_routed.pb -rpx basys3_top_timing_summary_routed.rpx -warn_on_violation
| Design       : basys3_top
| Device       : 7a35t-cpg236
| Speed File   : -1  PRODUCTION 1.23 2018-06-13
| Design State : Routed
------------------------------------------------------------------------------------------------------------------------------------------------------------------------------------------------------------------------------------------

Timing Summary Report

------------------------------------------------------------------------------------------------
| Timer Settings
| --------------
------------------------------------------------------------------------------------------------

  Enable Multi Corner Analysis               :  Yes
  Enable Pessimism Removal                   :  Yes
  Pessimism Removal Resolution               :  Nearest Common Node
  Enable Input Delay Default Clock           :  No
  Enable Preset / Clear Arcs                 :  No
  Disable Flight Delays                      :  No
  Ignore I/O Paths                           :  No
  Timing Early Launch at Borrowing Latches   :  No
  Borrow Time for Max Delay Exceptions       :  Yes
  Merge Timing Exceptions                    :  Yes
  Inter-SLR Compensation                     :  Conservative

  Corner  Analyze    Analyze    
  Name    Max Paths  Min Paths  
  ------  ---------  ---------  
  Slow    Yes        Yes        
  Fast    Yes        Yes        


------------------------------------------------------------------------------------------------
| Report Methodology
| ------------------
------------------------------------------------------------------------------------------------

Rule       Severity          Description                                 Violations  
---------  ----------------  ------------------------------------------  ----------  
TIMING-17  Critical Warning  Non-clocked sequential cell                 317         
SYNTH-6    Warning           Timing of a RAM block might be sub-optimal  16          
TIMING-18  Warning           Missing input or output delay               2           

Note: This report is based on the most recent report_methodology run and may not be up-to-date. Run report_methodology on the current design for the latest report.



check_timing report

Table of Contents
-----------------
1. checking no_clock (1268)
2. checking constant_clock (0)
3. checking pulse_width_clock (0)
4. checking unconstrained_internal_endpoints (1403)
5. checking no_input_delay (2)
6. checking no_output_delay (16)
7. checking multiple_clock (0)
8. checking generated_clocks (0)
9. checking loops (0)
10. checking partial_input_delay (0)
11. checking partial_output_delay (0)
12. checking latch_loops (0)

1. checking no_clock (1268)
---------------------------
 There are 317 register/latch pins with no clock driven by root clock pin: db_rst/stable_d_reg/Q (HIGH)

 There are 317 register/latch pins with no clock driven by root clock pin: db_rst/stable_reg/Q (HIGH)

 There are 317 register/latch pins with no clock driven by root clock pin: db_step/stable_d_reg/Q (HIGH)

 There are 317 register/latch pins with no clock driven by root clock pin: db_step/stable_reg/Q (HIGH)


2. checking constant_clock (0)
------------------------------
 There are 0 register/latch pins with constant_clock.


3. checking pulse_width_clock (0)
---------------------------------
 There are 0 register/latch pins which need pulse_width check


4. checking unconstrained_internal_endpoints (1403)
---------------------------------------------------
 There are 1403 pins that are not constrained for maximum delay. (HIGH)

 There are 0 pins that are not constrained for maximum delay due to constant clock.


5. checking no_input_delay (2)
------------------------------
 There are 2 input ports with no input delay specified. (HIGH)

 There are 0 input ports with no input delay but user has a false path constraint.


6. checking no_output_delay (16)
--------------------------------
 There are 16 ports with no output delay specified. (HIGH)

 There are 0 ports with no output delay but user has a false path constraint

 There are 0 ports with no output delay but with a timing clock defined on it or propagating through it


7. checking multiple_clock (0)
------------------------------
 There are 0 register/latch pins with multiple clocks.


8. checking generated_clocks (0)
--------------------------------
 There are 0 generated clocks that are not connected to a clock source.


9. checking loops (0)
---------------------
 There are 0 combinational loops in the design.


10. checking partial_input_delay (0)
------------------------------------
 There are 0 input ports with partial input delay specified.


11. checking partial_output_delay (0)
-------------------------------------
 There are 0 ports with partial output delay specified.


12. checking latch_loops (0)
----------------------------
 There are 0 combinational latch loops in the design through latch input



------------------------------------------------------------------------------------------------
| Design Timing Summary
| ---------------------
------------------------------------------------------------------------------------------------

    WNS(ns)      TNS(ns)  TNS Failing Endpoints  TNS Total Endpoints      WHS(ns)      THS(ns)  THS Failing Endpoints  THS Total Endpoints     WPWS(ns)     TPWS(ns)  TPWS Failing Endpoints  TPWS Total Endpoints  
    -------      -------  ---------------------  -------------------      -------      -------  ---------------------  -------------------     --------     --------  ----------------------  --------------------  
      5.174        0.000                      0                   78        0.071        0.000                      0                   78        4.500        0.000                       0                    45  


All user specified timing constraints are met.


------------------------------------------------------------------------------------------------
| Clock Summary
| -------------
------------------------------------------------------------------------------------------------

Clock        Waveform(ns)       Period(ns)      Frequency(MHz)
-----        ------------       ----------      --------------
sys_clk_pin  {0.000 5.000}      10.000          100.000         


------------------------------------------------------------------------------------------------
| Intra Clock Table
| -----------------
------------------------------------------------------------------------------------------------

Clock             WNS(ns)      TNS(ns)  TNS Failing Endpoints  TNS Total Endpoints      WHS(ns)      THS(ns)  THS Failing Endpoints  THS Total Endpoints     WPWS(ns)     TPWS(ns)  TPWS Failing Endpoints  TPWS Total Endpoints  
-----             -------      -------  ---------------------  -------------------      -------      -------  ---------------------  -------------------     --------     --------  ----------------------  --------------------  
sys_clk_pin         5.174        0.000                      0                   78        0.071        0.000                      0                   78        4.500        0.000                       0                    45  


------------------------------------------------------------------------------------------------
| Inter Clock Table
| -----------------
------------------------------------------------------------------------------------------------

From Clock    To Clock          WNS(ns)      TNS(ns)  TNS Failing Endpoints  TNS Total Endpoints      WHS(ns)      THS(ns)  THS Failing Endpoints  THS Total Endpoints  
----------    --------          -------      -------  ---------------------  -------------------      -------      -------  ---------------------  -------------------  


------------------------------------------------------------------------------------------------
| Other Path Groups Table
| -----------------------
------------------------------------------------------------------------------------------------

Path Group    From Clock    To Clock          WNS(ns)      TNS(ns)  TNS Failing Endpoints  TNS Total Endpoints      WHS(ns)      THS(ns)  THS Failing Endpoints  THS Total Endpoints  
----------    ----------    --------          -------      -------  ---------------------  -------------------      -------      -------  ---------------------  -------------------  


------------------------------------------------------------------------------------------------
| User Ignored Path Table
| -----------------------
------------------------------------------------------------------------------------------------

Path Group    From Clock    To Clock    
----------    ----------    --------    


------------------------------------------------------------------------------------------------
| Unconstrained Path Table
| ------------------------
------------------------------------------------------------------------------------------------

Path Group    From Clock    To Clock    
----------    ----------    --------    
(none)                                    
(none)        sys_clk_pin                 
(none)                      sys_clk_pin   


------------------------------------------------------------------------------------------------
| Timing Details
| --------------
------------------------------------------------------------------------------------------------


---------------------------------------------------------------------------------------------------
From Clock:  sys_clk_pin
  To Clock:  sys_clk_pin

Setup :            0  Failing Endpoints,  Worst Slack        5.174ns,  Total Violation        0.000ns
Hold  :            0  Failing Endpoints,  Worst Slack        0.071ns,  Total Violation        0.000ns
PW    :            0  Failing Endpoints,  Worst Slack        4.500ns,  Total Violation        0.000ns
---------------------------------------------------------------------------------------------------


Max Delay Paths
--------------------------------------------------------------------------------------
Slack (MET) :             5.174ns  (required time - arrival time)
  Source:                 db_rst/cnt_reg[10]/C
                            (rising edge-triggered cell FDRE clocked by sys_clk_pin  {rise@0.000ns fall@5.000ns period=10.000ns})
  Destination:            db_rst/cnt_reg[4]/R
                            (rising edge-triggered cell FDRE clocked by sys_clk_pin  {rise@0.000ns fall@5.000ns period=10.000ns})
  Path Group:             sys_clk_pin
  Path Type:              Setup (Max at Slow Process Corner)
  Requirement:            10.000ns  (sys_clk_pin rise@10.000ns - sys_clk_pin rise@0.000ns)
  Data Path Delay:        4.134ns  (logic 0.978ns (23.656%)  route 3.156ns (76.344%))
  Logic Levels:           4  (LUT3=1 LUT4=1 LUT5=1 LUT6=1)
  Clock Path Skew:        -0.025ns (DCD - SCD + CPR)
    Destination Clock Delay (DCD):    4.784ns = ( 14.784 - 10.000 ) 
    Source Clock Delay      (SCD):    5.084ns
    Clock Pessimism Removal (CPR):    0.275ns
  Clock Uncertainty:      0.035ns  ((TSJ^2 + TIJ^2)^1/2 + DJ) / 2 + PE
    Total System Jitter     (TSJ):    0.071ns
    Total Input Jitter      (TIJ):    0.000ns
    Discrete Jitter          (DJ):    0.000ns
    Phase Error              (PE):    0.000ns

    Location             Delay type                Incr(ns)  Path(ns)    Netlist Resource(s)
  -------------------------------------------------------------------    -------------------
                         (clock sys_clk_pin rise edge)
                                                      0.000     0.000 r  
    W5                                                0.000     0.000 r  clk (IN)
                         net (fo=0)                   0.000     0.000    clk
    W5                   IBUF (Prop_ibuf_I_O)         1.458     1.458 r  clk_IBUF_inst/O
                         net (fo=1, routed)           1.967     3.425    clk_IBUF
    BUFGCTRL_X0Y1        BUFG (Prop_bufg_I_O)         0.096     3.521 r  clk_IBUF_BUFG_inst/O
                         net (fo=44, routed)          1.563     5.084    db_rst/CLK
    SLICE_X37Y40         FDRE                                         r  db_rst/cnt_reg[10]/C
  -------------------------------------------------------------------    -------------------
    SLICE_X37Y40         FDRE (Prop_fdre_C_Q)         0.456     5.540 r  db_rst/cnt_reg[10]/Q
                         net (fo=2, routed)           0.834     6.375    db_rst/cnt_reg[10]
    SLICE_X36Y39         LUT4 (Prop_lut4_I0_O)        0.124     6.499 f  db_rst/cnt[0]_i_7/O
                         net (fo=1, routed)           0.416     6.915    db_rst/cnt[0]_i_7_n_0
    SLICE_X36Y40         LUT5 (Prop_lut5_I4_O)        0.124     7.039 f  db_rst/cnt[0]_i_6/O
                         net (fo=1, routed)           0.650     7.689    db_rst/cnt[0]_i_6_n_0
    SLICE_X36Y40         LUT6 (Prop_lut6_I1_O)        0.124     7.813 r  db_rst/cnt[0]_i_3/O
                         net (fo=2, routed)           0.444     8.257    db_rst/cnt[0]_i_3_n_0
    SLICE_X36Y40         LUT3 (Prop_lut3_I0_O)        0.150     8.407 r  db_rst/cnt[0]_i_1/O
                         net (fo=18, routed)          0.812     9.219    db_rst/cnt[0]_i_1_n_0
    SLICE_X37Y39         FDRE                                         r  db_rst/cnt_reg[4]/R
  -------------------------------------------------------------------    -------------------

                         (clock sys_clk_pin rise edge)
                                                     10.000    10.000 r  
    W5                                                0.000    10.000 r  clk (IN)
                         net (fo=0)                   0.000    10.000    clk
    W5                   IBUF (Prop_ibuf_I_O)         1.388    11.388 r  clk_IBUF_inst/O
                         net (fo=1, routed)           1.862    13.250    clk_IBUF
    BUFGCTRL_X0Y1        BUFG (Prop_bufg_I_O)         0.091    13.341 r  clk_IBUF_BUFG_inst/O
                         net (fo=44, routed)          1.443    14.784    db_rst/CLK
    SLICE_X37Y39         FDRE                                         r  db_rst/cnt_reg[4]/C
                         clock pessimism              0.275    15.059    
                         clock uncertainty           -0.035    15.024    
    SLICE_X37Y39         FDRE (Setup_fdre_C_R)       -0.631    14.393    db_rst/cnt_reg[4]
  -------------------------------------------------------------------
                         required time                         14.393    
                         arrival time                          -9.219    
  -------------------------------------------------------------------
                         slack                                  5.174    

Slack (MET) :             5.174ns  (required time - arrival time)
  Source:                 db_rst/cnt_reg[10]/C
                            (rising edge-triggered cell FDRE clocked by sys_clk_pin  {rise@0.000ns fall@5.000ns period=10.000ns})
  Destination:            db_rst/cnt_reg[5]/R
                            (rising edge-triggered cell FDRE clocked by sys_clk_pin  {rise@0.000ns fall@5.000ns period=10.000ns})
  Path Group:             sys_clk_pin
  Path Type:              Setup (Max at Slow Process Corner)
  Requirement:            10.000ns  (sys_clk_pin rise@10.000ns - sys_clk_pin rise@0.000ns)
  Data Path Delay:        4.134ns  (logic 0.978ns (23.656%)  route 3.156ns (76.344%))
  Logic Levels:           4  (LUT3=1 LUT4=1 LUT5=1 LUT6=1)
  Clock Path Skew:        -0.025ns (DCD - SCD + CPR)
    Destination Clock Delay (DCD):    4.784ns = ( 14.784 - 10.000 ) 
    Source Clock Delay      (SCD):    5.084ns
    Clock Pessimism Removal (CPR):    0.275ns
  Clock Uncertainty:      0.035ns  ((TSJ^2 + TIJ^2)^1/2 + DJ) / 2 + PE
    Total System Jitter     (TSJ):    0.071ns
    Total Input Jitter      (TIJ):    0.000ns
    Discrete Jitter          (DJ):    0.000ns
    Phase Error              (PE):    0.000ns

    Location             Delay type                Incr(ns)  Path(ns)    Netlist Resource(s)
  -------------------------------------------------------------------    -------------------
                         (clock sys_clk_pin rise edge)
                                                      0.000     0.000 r  
    W5                                                0.000     0.000 r  clk (IN)
                         net (fo=0)                   0.000     0.000    clk
    W5                   IBUF (Prop_ibuf_I_O)         1.458     1.458 r  clk_IBUF_inst/O
                         net (fo=1, routed)           1.967     3.425    clk_IBUF
    BUFGCTRL_X0Y1        BUFG (Prop_bufg_I_O)         0.096     3.521 r  clk_IBUF_BUFG_inst/O
                         net (fo=44, routed)          1.563     5.084    db_rst/CLK
    SLICE_X37Y40         FDRE                                         r  db_rst/cnt_reg[10]/C
  -------------------------------------------------------------------    -------------------
    SLICE_X37Y40         FDRE (Prop_fdre_C_Q)         0.456     5.540 r  db_rst/cnt_reg[10]/Q
                         net (fo=2, routed)           0.834     6.375    db_rst/cnt_reg[10]
    SLICE_X36Y39         LUT4 (Prop_lut4_I0_O)        0.124     6.499 f  db_rst/cnt[0]_i_7/O
                         net (fo=1, routed)           0.416     6.915    db_rst/cnt[0]_i_7_n_0
    SLICE_X36Y40         LUT5 (Prop_lut5_I4_O)        0.124     7.039 f  db_rst/cnt[0]_i_6/O
                         net (fo=1, routed)           0.650     7.689    db_rst/cnt[0]_i_6_n_0
    SLICE_X36Y40         LUT6 (Prop_lut6_I1_O)        0.124     7.813 r  db_rst/cnt[0]_i_3/O
                         net (fo=2, routed)           0.444     8.257    db_rst/cnt[0]_i_3_n_0
    SLICE_X36Y40         LUT3 (Prop_lut3_I0_O)        0.150     8.407 r  db_rst/cnt[0]_i_1/O
                         net (fo=18, routed)          0.812     9.219    db_rst/cnt[0]_i_1_n_0
    SLICE_X37Y39         FDRE                                         r  db_rst/cnt_reg[5]/R
  -------------------------------------------------------------------    -------------------

                         (clock sys_clk_pin rise edge)
                                                     10.000    10.000 r  
    W5                                                0.000    10.000 r  clk (IN)
                         net (fo=0)                   0.000    10.000    clk
    W5                   IBUF (Prop_ibuf_I_O)         1.388    11.388 r  clk_IBUF_inst/O
                         net (fo=1, routed)           1.862    13.250    clk_IBUF
    BUFGCTRL_X0Y1        BUFG (Prop_bufg_I_O)         0.091    13.341 r  clk_IBUF_BUFG_inst/O
                         net (fo=44, routed)          1.443    14.784    db_rst/CLK
    SLICE_X37Y39         FDRE                                         r  db_rst/cnt_reg[5]/C
                         clock pessimism              0.275    15.059    
                         clock uncertainty           -0.035    15.024    
    SLICE_X37Y39         FDRE (Setup_fdre_C_R)       -0.631    14.393    db_rst/cnt_reg[5]
  -------------------------------------------------------------------
                         required time                         14.393    
                         arrival time                          -9.219    
  -------------------------------------------------------------------
                         slack                                  5.174    

Slack (MET) :             5.174ns  (required time - arrival time)
  Source:                 db_rst/cnt_reg[10]/C
                            (rising edge-triggered cell FDRE clocked by sys_clk_pin  {rise@0.000ns fall@5.000ns period=10.000ns})
  Destination:            db_rst/cnt_reg[6]/R
                            (rising edge-triggered cell FDRE clocked by sys_clk_pin  {rise@0.000ns fall@5.000ns period=10.000ns})
  Path Group:             sys_clk_pin
  Path Type:              Setup (Max at Slow Process Corner)
  Requirement:            10.000ns  (sys_clk_pin rise@10.000ns - sys_clk_pin rise@0.000ns)
  Data Path Delay:        4.134ns  (logic 0.978ns (23.656%)  route 3.156ns (76.344%))
  Logic Levels:           4  (LUT3=1 LUT4=1 LUT5=1 LUT6=1)
  Clock Path Skew:        -0.025ns (DCD - SCD + CPR)
    Destination Clock Delay (DCD):    4.784ns = ( 14.784 - 10.000 ) 
    Source Clock Delay      (SCD):    5.084ns
    Clock Pessimism Removal (CPR):    0.275ns
  Clock Uncertainty:      0.035ns  ((TSJ^2 + TIJ^2)^1/2 + DJ) / 2 + PE
    Total System Jitter     (TSJ):    0.071ns
    Total Input Jitter      (TIJ):    0.000ns
    Discrete Jitter          (DJ):    0.000ns
    Phase Error              (PE):    0.000ns

    Location             Delay type                Incr(ns)  Path(ns)    Netlist Resource(s)
  -------------------------------------------------------------------    -------------------
                         (clock sys_clk_pin rise edge)
                                                      0.000     0.000 r  
    W5                                                0.000     0.000 r  clk (IN)
                         net (fo=0)                   0.000     0.000    clk
    W5                   IBUF (Prop_ibuf_I_O)         1.458     1.458 r  clk_IBUF_inst/O
                         net (fo=1, routed)           1.967     3.425    clk_IBUF
    BUFGCTRL_X0Y1        BUFG (Prop_bufg_I_O)         0.096     3.521 r  clk_IBUF_BUFG_inst/O
                         net (fo=44, routed)          1.563     5.084    db_rst/CLK
    SLICE_X37Y40         FDRE                                         r  db_rst/cnt_reg[10]/C
  -------------------------------------------------------------------    -------------------
    SLICE_X37Y40         FDRE (Prop_fdre_C_Q)         0.456     5.540 r  db_rst/cnt_reg[10]/Q
                         net (fo=2, routed)           0.834     6.375    db_rst/cnt_reg[10]
    SLICE_X36Y39         LUT4 (Prop_lut4_I0_O)        0.124     6.499 f  db_rst/cnt[0]_i_7/O
                         net (fo=1, routed)           0.416     6.915    db_rst/cnt[0]_i_7_n_0
    SLICE_X36Y40         LUT5 (Prop_lut5_I4_O)        0.124     7.039 f  db_rst/cnt[0]_i_6/O
                         net (fo=1, routed)           0.650     7.689    db_rst/cnt[0]_i_6_n_0
    SLICE_X36Y40         LUT6 (Prop_lut6_I1_O)        0.124     7.813 r  db_rst/cnt[0]_i_3/O
                         net (fo=2, routed)           0.444     8.257    db_rst/cnt[0]_i_3_n_0
    SLICE_X36Y40         LUT3 (Prop_lut3_I0_O)        0.150     8.407 r  db_rst/cnt[0]_i_1/O
                         net (fo=18, routed)          0.812     9.219    db_rst/cnt[0]_i_1_n_0
    SLICE_X37Y39         FDRE                                         r  db_rst/cnt_reg[6]/R
  -------------------------------------------------------------------    -------------------

                         (clock sys_clk_pin rise edge)
                                                     10.000    10.000 r  
    W5                                                0.000    10.000 r  clk (IN)
                         net (fo=0)                   0.000    10.000    clk
    W5                   IBUF (Prop_ibuf_I_O)         1.388    11.388 r  clk_IBUF_inst/O
                         net (fo=1, routed)           1.862    13.250    clk_IBUF
    BUFGCTRL_X0Y1        BUFG (Prop_bufg_I_O)         0.091    13.341 r  clk_IBUF_BUFG_inst/O
                         net (fo=44, routed)          1.443    14.784    db_rst/CLK
    SLICE_X37Y39         FDRE                                         r  db_rst/cnt_reg[6]/C
                         clock pessimism              0.275    15.059    
                         clock uncertainty           -0.035    15.024    
    SLICE_X37Y39         FDRE (Setup_fdre_C_R)       -0.631    14.393    db_rst/cnt_reg[6]
  -------------------------------------------------------------------
                         required time                         14.393    
                         arrival time                          -9.219    
  -------------------------------------------------------------------
                         slack                                  5.174    

Slack (MET) :             5.174ns  (required time - arrival time)
  Source:                 db_rst/cnt_reg[10]/C
                            (rising edge-triggered cell FDRE clocked by sys_clk_pin  {rise@0.000ns fall@5.000ns period=10.000ns})
  Destination:            db_rst/cnt_reg[7]/R
                            (rising edge-triggered cell FDRE clocked by sys_clk_pin  {rise@0.000ns fall@5.000ns period=10.000ns})
  Path Group:             sys_clk_pin
  Path Type:              Setup (Max at Slow Process Corner)
  Requirement:            10.000ns  (sys_clk_pin rise@10.000ns - sys_clk_pin rise@0.000ns)
  Data Path Delay:        4.134ns  (logic 0.978ns (23.656%)  route 3.156ns (76.344%))
  Logic Levels:           4  (LUT3=1 LUT4=1 LUT5=1 LUT6=1)
  Clock Path Skew:        -0.025ns (DCD - SCD + CPR)
    Destination Clock Delay (DCD):    4.784ns = ( 14.784 - 10.000 ) 
    Source Clock Delay      (SCD):    5.084ns
    Clock Pessimism Removal (CPR):    0.275ns
  Clock Uncertainty:      0.035ns  ((TSJ^2 + TIJ^2)^1/2 + DJ) / 2 + PE
    Total System Jitter     (TSJ):    0.071ns
    Total Input Jitter      (TIJ):    0.000ns
    Discrete Jitter          (DJ):    0.000ns
    Phase Error              (PE):    0.000ns

    Location             Delay type                Incr(ns)  Path(ns)    Netlist Resource(s)
  -------------------------------------------------------------------    -------------------
                         (clock sys_clk_pin rise edge)
                                                      0.000     0.000 r  
    W5                                                0.000     0.000 r  clk (IN)
                         net (fo=0)                   0.000     0.000    clk
    W5                   IBUF (Prop_ibuf_I_O)         1.458     1.458 r  clk_IBUF_inst/O
                         net (fo=1, routed)           1.967     3.425    clk_IBUF
    BUFGCTRL_X0Y1        BUFG (Prop_bufg_I_O)         0.096     3.521 r  clk_IBUF_BUFG_inst/O
                         net (fo=44, routed)          1.563     5.084    db_rst/CLK
    SLICE_X37Y40         FDRE                                         r  db_rst/cnt_reg[10]/C
  -------------------------------------------------------------------    -------------------
    SLICE_X37Y40         FDRE (Prop_fdre_C_Q)         0.456     5.540 r  db_rst/cnt_reg[10]/Q
                         net (fo=2, routed)           0.834     6.375    db_rst/cnt_reg[10]
    SLICE_X36Y39         LUT4 (Prop_lut4_I0_O)        0.124     6.499 f  db_rst/cnt[0]_i_7/O
                         net (fo=1, routed)           0.416     6.915    db_rst/cnt[0]_i_7_n_0
    SLICE_X36Y40         LUT5 (Prop_lut5_I4_O)        0.124     7.039 f  db_rst/cnt[0]_i_6/O
                         net (fo=1, routed)           0.650     7.689    db_rst/cnt[0]_i_6_n_0
    SLICE_X36Y40         LUT6 (Prop_lut6_I1_O)        0.124     7.813 r  db_rst/cnt[0]_i_3/O
                         net (fo=2, routed)           0.444     8.257    db_rst/cnt[0]_i_3_n_0
    SLICE_X36Y40         LUT3 (Prop_lut3_I0_O)        0.150     8.407 r  db_rst/cnt[0]_i_1/O
                         net (fo=18, routed)          0.812     9.219    db_rst/cnt[0]_i_1_n_0
    SLICE_X37Y39         FDRE                                         r  db_rst/cnt_reg[7]/R
  -------------------------------------------------------------------    -------------------

                         (clock sys_clk_pin rise edge)
                                                     10.000    10.000 r  
    W5                                                0.000    10.000 r  clk (IN)
                         net (fo=0)                   0.000    10.000    clk
    W5                   IBUF (Prop_ibuf_I_O)         1.388    11.388 r  clk_IBUF_inst/O
                         net (fo=1, routed)           1.862    13.250    clk_IBUF
    BUFGCTRL_X0Y1        BUFG (Prop_bufg_I_O)         0.091    13.341 r  clk_IBUF_BUFG_inst/O
                         net (fo=44, routed)          1.443    14.784    db_rst/CLK
    SLICE_X37Y39         FDRE                                         r  db_rst/cnt_reg[7]/C
                         clock pessimism              0.275    15.059    
                         clock uncertainty           -0.035    15.024    
    SLICE_X37Y39         FDRE (Setup_fdre_C_R)       -0.631    14.393    db_rst/cnt_reg[7]
  -------------------------------------------------------------------
                         required time                         14.393    
                         arrival time                          -9.219    
  -------------------------------------------------------------------
                         slack                                  5.174    

Slack (MET) :             5.389ns  (required time - arrival time)
  Source:                 db_rst/cnt_reg[10]/C
                            (rising edge-triggered cell FDRE clocked by sys_clk_pin  {rise@0.000ns fall@5.000ns period=10.000ns})
  Destination:            db_rst/cnt_reg[10]/R
                            (rising edge-triggered cell FDRE clocked by sys_clk_pin  {rise@0.000ns fall@5.000ns period=10.000ns})
  Path Group:             sys_clk_pin
  Path Type:              Setup (Max at Slow Process Corner)
  Requirement:            10.000ns  (sys_clk_pin rise@10.000ns - sys_clk_pin rise@0.000ns)
  Data Path Delay:        3.945ns  (logic 0.978ns (24.791%)  route 2.967ns (75.209%))
  Logic Levels:           4  (LUT3=1 LUT4=1 LUT5=1 LUT6=1)
  Clock Path Skew:        0.000ns (DCD - SCD + CPR)
    Destination Clock Delay (DCD):    4.784ns = ( 14.784 - 10.000 ) 
    Source Clock Delay      (SCD):    5.084ns
    Clock Pessimism Removal (CPR):    0.300ns
  Clock Uncertainty:      0.035ns  ((TSJ^2 + TIJ^2)^1/2 + DJ) / 2 + PE
    Total System Jitter     (TSJ):    0.071ns
    Total Input Jitter      (TIJ):    0.000ns
    Discrete Jitter          (DJ):    0.000ns
    Phase Error              (PE):    0.000ns

    Location             Delay type                Incr(ns)  Path(ns)    Netlist Resource(s)
  -------------------------------------------------------------------    -------------------
                         (clock sys_clk_pin rise edge)
                                                      0.000     0.000 r  
    W5                                                0.000     0.000 r  clk (IN)
                         net (fo=0)                   0.000     0.000    clk
    W5                   IBUF (Prop_ibuf_I_O)         1.458     1.458 r  clk_IBUF_inst/O
                         net (fo=1, routed)           1.967     3.425    clk_IBUF
    BUFGCTRL_X0Y1        BUFG (Prop_bufg_I_O)         0.096     3.521 r  clk_IBUF_BUFG_inst/O
                         net (fo=44, routed)          1.563     5.084    db_rst/CLK
    SLICE_X37Y40         FDRE                                         r  db_rst/cnt_reg[10]/C
  -------------------------------------------------------------------    -------------------
    SLICE_X37Y40         FDRE (Prop_fdre_C_Q)         0.456     5.540 r  db_rst/cnt_reg[10]/Q
                         net (fo=2, routed)           0.834     6.375    db_rst/cnt_reg[10]
    SLICE_X36Y39         LUT4 (Prop_lut4_I0_O)        0.124     6.499 f  db_rst/cnt[0]_i_7/O
                         net (fo=1, routed)           0.416     6.915    db_rst/cnt[0]_i_7_n_0
    SLICE_X36Y40         LUT5 (Prop_lut5_I4_O)        0.124     7.039 f  db_rst/cnt[0]_i_6/O
                         net (fo=1, routed)           0.650     7.689    db_rst/cnt[0]_i_6_n_0
    SLICE_X36Y40         LUT6 (Prop_lut6_I1_O)        0.124     7.813 r  db_rst/cnt[0]_i_3/O
                         net (fo=2, routed)           0.444     8.257    db_rst/cnt[0]_i_3_n_0
    SLICE_X36Y40         LUT3 (Prop_lut3_I0_O)        0.150     8.407 r  db_rst/cnt[0]_i_1/O
                         net (fo=18, routed)          0.623     9.029    db_rst/cnt[0]_i_1_n_0
    SLICE_X37Y40         FDRE                                         r  db_rst/cnt_reg[10]/R
  -------------------------------------------------------------------    -------------------

                         (clock sys_clk_pin rise edge)
                                                     10.000    10.000 r  
    W5                                                0.000    10.000 r  clk (IN)
                         net (fo=0)                   0.000    10.000    clk
    W5                   IBUF (Prop_ibuf_I_O)         1.388    11.388 r  clk_IBUF_inst/O
                         net (fo=1, routed)           1.862    13.250    clk_IBUF
    BUFGCTRL_X0Y1        BUFG (Prop_bufg_I_O)         0.091    13.341 r  clk_IBUF_BUFG_inst/O
                         net (fo=44, routed)          1.443    14.784    db_rst/CLK
    SLICE_X37Y40         FDRE                                         r  db_rst/cnt_reg[10]/C
                         clock pessimism              0.300    15.084    
                         clock uncertainty           -0.035    15.049    
    SLICE_X37Y40         FDRE (Setup_fdre_C_R)       -0.631    14.418    db_rst/cnt_reg[10]
  -------------------------------------------------------------------
                         required time                         14.418    
                         arrival time                          -9.029    
  -------------------------------------------------------------------
                         slack                                  5.389    

Slack (MET) :             5.389ns  (required time - arrival time)
  Source:                 db_rst/cnt_reg[10]/C
                            (rising edge-triggered cell FDRE clocked by sys_clk_pin  {rise@0.000ns fall@5.000ns period=10.000ns})
  Destination:            db_rst/cnt_reg[11]/R
                            (rising edge-triggered cell FDRE clocked by sys_clk_pin  {rise@0.000ns fall@5.000ns period=10.000ns})
  Path Group:             sys_clk_pin
  Path Type:              Setup (Max at Slow Process Corner)
  Requirement:            10.000ns  (sys_clk_pin rise@10.000ns - sys_clk_pin rise@0.000ns)
  Data Path Delay:        3.945ns  (logic 0.978ns (24.791%)  route 2.967ns (75.209%))
  Logic Levels:           4  (LUT3=1 LUT4=1 LUT5=1 LUT6=1)
  Clock Path Skew:        0.000ns (DCD - SCD + CPR)
    Destination Clock Delay (DCD):    4.784ns = ( 14.784 - 10.000 ) 
    Source Clock Delay      (SCD):    5.084ns
    Clock Pessimism Removal (CPR):    0.300ns
  Clock Uncertainty:      0.035ns  ((TSJ^2 + TIJ^2)^1/2 + DJ) / 2 + PE
    Total System Jitter     (TSJ):    0.071ns
    Total Input Jitter      (TIJ):    0.000ns
    Discrete Jitter          (DJ):    0.000ns
    Phase Error              (PE):    0.000ns

    Location             Delay type                Incr(ns)  Path(ns)    Netlist Resource(s)
  -------------------------------------------------------------------    -------------------
                         (clock sys_clk_pin rise edge)
                                                      0.000     0.000 r  
    W5                                                0.000     0.000 r  clk (IN)
                         net (fo=0)                   0.000     0.000    clk
    W5                   IBUF (Prop_ibuf_I_O)         1.458     1.458 r  clk_IBUF_inst/O
                         net (fo=1, routed)           1.967     3.425    clk_IBUF
    BUFGCTRL_X0Y1        BUFG (Prop_bufg_I_O)         0.096     3.521 r  clk_IBUF_BUFG_inst/O
                         net (fo=44, routed)          1.563     5.084    db_rst/CLK
    SLICE_X37Y40         FDRE                                         r  db_rst/cnt_reg[10]/C
  -------------------------------------------------------------------    -------------------
    SLICE_X37Y40         FDRE (Prop_fdre_C_Q)         0.456     5.540 r  db_rst/cnt_reg[10]/Q
                         net (fo=2, routed)           0.834     6.375    db_rst/cnt_reg[10]
    SLICE_X36Y39         LUT4 (Prop_lut4_I0_O)        0.124     6.499 f  db_rst/cnt[0]_i_7/O
                         net (fo=1, routed)           0.416     6.915    db_rst/cnt[0]_i_7_n_0
    SLICE_X36Y40         LUT5 (Prop_lut5_I4_O)        0.124     7.039 f  db_rst/cnt[0]_i_6/O
                         net (fo=1, routed)           0.650     7.689    db_rst/cnt[0]_i_6_n_0
    SLICE_X36Y40         LUT6 (Prop_lut6_I1_O)        0.124     7.813 r  db_rst/cnt[0]_i_3/O
                         net (fo=2, routed)           0.444     8.257    db_rst/cnt[0]_i_3_n_0
    SLICE_X36Y40         LUT3 (Prop_lut3_I0_O)        0.150     8.407 r  db_rst/cnt[0]_i_1/O
                         net (fo=18, routed)          0.623     9.029    db_rst/cnt[0]_i_1_n_0
    SLICE_X37Y40         FDRE                                         r  db_rst/cnt_reg[11]/R
  -------------------------------------------------------------------    -------------------

                         (clock sys_clk_pin rise edge)
                                                     10.000    10.000 r  
    W5                                                0.000    10.000 r  clk (IN)
                         net (fo=0)                   0.000    10.000    clk
    W5                   IBUF (Prop_ibuf_I_O)         1.388    11.388 r  clk_IBUF_inst/O
                         net (fo=1, routed)           1.862    13.250    clk_IBUF
    BUFGCTRL_X0Y1        BUFG (Prop_bufg_I_O)         0.091    13.341 r  clk_IBUF_BUFG_inst/O
                         net (fo=44, routed)          1.443    14.784    db_rst/CLK
    SLICE_X37Y40         FDRE                                         r  db_rst/cnt_reg[11]/C
                         clock pessimism              0.300    15.084    
                         clock uncertainty           -0.035    15.049    
    SLICE_X37Y40         FDRE (Setup_fdre_C_R)       -0.631    14.418    db_rst/cnt_reg[11]
  -------------------------------------------------------------------
                         required time                         14.418    
                         arrival time                          -9.029    
  -------------------------------------------------------------------
                         slack                                  5.389    

Slack (MET) :             5.389ns  (required time - arrival time)
  Source:                 db_rst/cnt_reg[10]/C
                            (rising edge-triggered cell FDRE clocked by sys_clk_pin  {rise@0.000ns fall@5.000ns period=10.000ns})
  Destination:            db_rst/cnt_reg[8]/R
                            (rising edge-triggered cell FDRE clocked by sys_clk_pin  {rise@0.000ns fall@5.000ns period=10.000ns})
  Path Group:             sys_clk_pin
  Path Type:              Setup (Max at Slow Process Corner)
  Requirement:            10.000ns  (sys_clk_pin rise@10.000ns - sys_clk_pin rise@0.000ns)
  Data Path Delay:        3.945ns  (logic 0.978ns (24.791%)  route 2.967ns (75.209%))
  Logic Levels:           4  (LUT3=1 LUT4=1 LUT5=1 LUT6=1)
  Clock Path Skew:        0.000ns (DCD - SCD + CPR)
    Destination Clock Delay (DCD):    4.784ns = ( 14.784 - 10.000 ) 
    Source Clock Delay      (SCD):    5.084ns
    Clock Pessimism Removal (CPR):    0.300ns
  Clock Uncertainty:      0.035ns  ((TSJ^2 + TIJ^2)^1/2 + DJ) / 2 + PE
    Total System Jitter     (TSJ):    0.071ns
    Total Input Jitter      (TIJ):    0.000ns
    Discrete Jitter          (DJ):    0.000ns
    Phase Error              (PE):    0.000ns

    Location             Delay type                Incr(ns)  Path(ns)    Netlist Resource(s)
  -------------------------------------------------------------------    -------------------
                         (clock sys_clk_pin rise edge)
                                                      0.000     0.000 r  
    W5                                                0.000     0.000 r  clk (IN)
                         net (fo=0)                   0.000     0.000    clk
    W5                   IBUF (Prop_ibuf_I_O)         1.458     1.458 r  clk_IBUF_inst/O
                         net (fo=1, routed)           1.967     3.425    clk_IBUF
    BUFGCTRL_X0Y1        BUFG (Prop_bufg_I_O)         0.096     3.521 r  clk_IBUF_BUFG_inst/O
                         net (fo=44, routed)          1.563     5.084    db_rst/CLK
    SLICE_X37Y40         FDRE                                         r  db_rst/cnt_reg[10]/C
  -------------------------------------------------------------------    -------------------
    SLICE_X37Y40         FDRE (Prop_fdre_C_Q)         0.456     5.540 r  db_rst/cnt_reg[10]/Q
                         net (fo=2, routed)           0.834     6.375    db_rst/cnt_reg[10]
    SLICE_X36Y39         LUT4 (Prop_lut4_I0_O)        0.124     6.499 f  db_rst/cnt[0]_i_7/O
                         net (fo=1, routed)           0.416     6.915    db_rst/cnt[0]_i_7_n_0
    SLICE_X36Y40         LUT5 (Prop_lut5_I4_O)        0.124     7.039 f  db_rst/cnt[0]_i_6/O
                         net (fo=1, routed)           0.650     7.689    db_rst/cnt[0]_i_6_n_0
    SLICE_X36Y40         LUT6 (Prop_lut6_I1_O)        0.124     7.813 r  db_rst/cnt[0]_i_3/O
                         net (fo=2, routed)           0.444     8.257    db_rst/cnt[0]_i_3_n_0
    SLICE_X36Y40         LUT3 (Prop_lut3_I0_O)        0.150     8.407 r  db_rst/cnt[0]_i_1/O
                         net (fo=18, routed)          0.623     9.029    db_rst/cnt[0]_i_1_n_0
    SLICE_X37Y40         FDRE                                         r  db_rst/cnt_reg[8]/R
  -------------------------------------------------------------------    -------------------

                         (clock sys_clk_pin rise edge)
                                                     10.000    10.000 r  
    W5                                                0.000    10.000 r  clk (IN)
                         net (fo=0)                   0.000    10.000    clk
    W5                   IBUF (Prop_ibuf_I_O)         1.388    11.388 r  clk_IBUF_inst/O
                         net (fo=1, routed)           1.862    13.250    clk_IBUF
    BUFGCTRL_X0Y1        BUFG (Prop_bufg_I_O)         0.091    13.341 r  clk_IBUF_BUFG_inst/O
                         net (fo=44, routed)          1.443    14.784    db_rst/CLK
    SLICE_X37Y40         FDRE                                         r  db_rst/cnt_reg[8]/C
                         clock pessimism              0.300    15.084    
                         clock uncertainty           -0.035    15.049    
    SLICE_X37Y40         FDRE (Setup_fdre_C_R)       -0.631    14.418    db_rst/cnt_reg[8]
  -------------------------------------------------------------------
                         required time                         14.418    
                         arrival time                          -9.029    
  -------------------------------------------------------------------
                         slack                                  5.389    

Slack (MET) :             5.389ns  (required time - arrival time)
  Source:                 db_rst/cnt_reg[10]/C
                            (rising edge-triggered cell FDRE clocked by sys_clk_pin  {rise@0.000ns fall@5.000ns period=10.000ns})
  Destination:            db_rst/cnt_reg[9]/R
                            (rising edge-triggered cell FDRE clocked by sys_clk_pin  {rise@0.000ns fall@5.000ns period=10.000ns})
  Path Group:             sys_clk_pin
  Path Type:              Setup (Max at Slow Process Corner)
  Requirement:            10.000ns  (sys_clk_pin rise@10.000ns - sys_clk_pin rise@0.000ns)
  Data Path Delay:        3.945ns  (logic 0.978ns (24.791%)  route 2.967ns (75.209%))
  Logic Levels:           4  (LUT3=1 LUT4=1 LUT5=1 LUT6=1)
  Clock Path Skew:        0.000ns (DCD - SCD + CPR)
    Destination Clock Delay (DCD):    4.784ns = ( 14.784 - 10.000 ) 
    Source Clock Delay      (SCD):    5.084ns
    Clock Pessimism Removal (CPR):    0.300ns
  Clock Uncertainty:      0.035ns  ((TSJ^2 + TIJ^2)^1/2 + DJ) / 2 + PE
    Total System Jitter     (TSJ):    0.071ns
    Total Input Jitter      (TIJ):    0.000ns
    Discrete Jitter          (DJ):    0.000ns
    Phase Error              (PE):    0.000ns

    Location             Delay type                Incr(ns)  Path(ns)    Netlist Resource(s)
  -------------------------------------------------------------------    -------------------
                         (clock sys_clk_pin rise edge)
                                                      0.000     0.000 r  
    W5                                                0.000     0.000 r  clk (IN)
                         net (fo=0)                   0.000     0.000    clk
    W5                   IBUF (Prop_ibuf_I_O)         1.458     1.458 r  clk_IBUF_inst/O
                         net (fo=1, routed)           1.967     3.425    clk_IBUF
    BUFGCTRL_X0Y1        BUFG (Prop_bufg_I_O)         0.096     3.521 r  clk_IBUF_BUFG_inst/O
                         net (fo=44, routed)          1.563     5.084    db_rst/CLK
    SLICE_X37Y40         FDRE                                         r  db_rst/cnt_reg[10]/C
  -------------------------------------------------------------------    -------------------
    SLICE_X37Y40         FDRE (Prop_fdre_C_Q)         0.456     5.540 r  db_rst/cnt_reg[10]/Q
                         net (fo=2, routed)           0.834     6.375    db_rst/cnt_reg[10]
    SLICE_X36Y39         LUT4 (Prop_lut4_I0_O)        0.124     6.499 f  db_rst/cnt[0]_i_7/O
                         net (fo=1, routed)           0.416     6.915    db_rst/cnt[0]_i_7_n_0
    SLICE_X36Y40         LUT5 (Prop_lut5_I4_O)        0.124     7.039 f  db_rst/cnt[0]_i_6/O
                         net (fo=1, routed)           0.650     7.689    db_rst/cnt[0]_i_6_n_0
    SLICE_X36Y40         LUT6 (Prop_lut6_I1_O)        0.124     7.813 r  db_rst/cnt[0]_i_3/O
                         net (fo=2, routed)           0.444     8.257    db_rst/cnt[0]_i_3_n_0
    SLICE_X36Y40         LUT3 (Prop_lut3_I0_O)        0.150     8.407 r  db_rst/cnt[0]_i_1/O
                         net (fo=18, routed)          0.623     9.029    db_rst/cnt[0]_i_1_n_0
    SLICE_X37Y40         FDRE                                         r  db_rst/cnt_reg[9]/R
  -------------------------------------------------------------------    -------------------

                         (clock sys_clk_pin rise edge)
                                                     10.000    10.000 r  
    W5                                                0.000    10.000 r  clk (IN)
                         net (fo=0)                   0.000    10.000    clk
    W5                   IBUF (Prop_ibuf_I_O)         1.388    11.388 r  clk_IBUF_inst/O
                         net (fo=1, routed)           1.862    13.250    clk_IBUF
    BUFGCTRL_X0Y1        BUFG (Prop_bufg_I_O)         0.091    13.341 r  clk_IBUF_BUFG_inst/O
                         net (fo=44, routed)          1.443    14.784    db_rst/CLK
    SLICE_X37Y40         FDRE                                         r  db_rst/cnt_reg[9]/C
                         clock pessimism              0.300    15.084    
                         clock uncertainty           -0.035    15.049    
    SLICE_X37Y40         FDRE (Setup_fdre_C_R)       -0.631    14.418    db_rst/cnt_reg[9]
  -------------------------------------------------------------------
                         required time                         14.418    
                         arrival time                          -9.029    
  -------------------------------------------------------------------
                         slack                                  5.389    

Slack (MET) :             5.423ns  (required time - arrival time)
  Source:                 db_rst/cnt_reg[10]/C
                            (rising edge-triggered cell FDRE clocked by sys_clk_pin  {rise@0.000ns fall@5.000ns period=10.000ns})
  Destination:            db_rst/cnt_reg[0]/R
                            (rising edge-triggered cell FDRE clocked by sys_clk_pin  {rise@0.000ns fall@5.000ns period=10.000ns})
  Path Group:             sys_clk_pin
  Path Type:              Setup (Max at Slow Process Corner)
  Requirement:            10.000ns  (sys_clk_pin rise@10.000ns - sys_clk_pin rise@0.000ns)
  Data Path Delay:        3.885ns  (logic 0.978ns (25.177%)  route 2.907ns (74.823%))
  Logic Levels:           4  (LUT3=1 LUT4=1 LUT5=1 LUT6=1)
  Clock Path Skew:        -0.026ns (DCD - SCD + CPR)
    Destination Clock Delay (DCD):    4.783ns = ( 14.783 - 10.000 ) 
    Source Clock Delay      (SCD):    5.084ns
    Clock Pessimism Removal (CPR):    0.275ns
  Clock Uncertainty:      0.035ns  ((TSJ^2 + TIJ^2)^1/2 + DJ) / 2 + PE
    Total System Jitter     (TSJ):    0.071ns
    Total Input Jitter      (TIJ):    0.000ns
    Discrete Jitter          (DJ):    0.000ns
    Phase Error              (PE):    0.000ns

    Location             Delay type                Incr(ns)  Path(ns)    Netlist Resource(s)
  -------------------------------------------------------------------    -------------------
                         (clock sys_clk_pin rise edge)
                                                      0.000     0.000 r  
    W5                                                0.000     0.000 r  clk (IN)
                         net (fo=0)                   0.000     0.000    clk
    W5                   IBUF (Prop_ibuf_I_O)         1.458     1.458 r  clk_IBUF_inst/O
                         net (fo=1, routed)           1.967     3.425    clk_IBUF
    BUFGCTRL_X0Y1        BUFG (Prop_bufg_I_O)         0.096     3.521 r  clk_IBUF_BUFG_inst/O
                         net (fo=44, routed)          1.563     5.084    db_rst/CLK
    SLICE_X37Y40         FDRE                                         r  db_rst/cnt_reg[10]/C
  -------------------------------------------------------------------    -------------------
    SLICE_X37Y40         FDRE (Prop_fdre_C_Q)         0.456     5.540 r  db_rst/cnt_reg[10]/Q
                         net (fo=2, routed)           0.834     6.375    db_rst/cnt_reg[10]
    SLICE_X36Y39         LUT4 (Prop_lut4_I0_O)        0.124     6.499 f  db_rst/cnt[0]_i_7/O
                         net (fo=1, routed)           0.416     6.915    db_rst/cnt[0]_i_7_n_0
    SLICE_X36Y40         LUT5 (Prop_lut5_I4_O)        0.124     7.039 f  db_rst/cnt[0]_i_6/O
                         net (fo=1, routed)           0.650     7.689    db_rst/cnt[0]_i_6_n_0
    SLICE_X36Y40         LUT6 (Prop_lut6_I1_O)        0.124     7.813 r  db_rst/cnt[0]_i_3/O
                         net (fo=2, routed)           0.444     8.257    db_rst/cnt[0]_i_3_n_0
    SLICE_X36Y40         LUT3 (Prop_lut3_I0_O)        0.150     8.407 r  db_rst/cnt[0]_i_1/O
                         net (fo=18, routed)          0.562     8.969    db_rst/cnt[0]_i_1_n_0
    SLICE_X37Y38         FDRE                                         r  db_rst/cnt_reg[0]/R
  -------------------------------------------------------------------    -------------------

                         (clock sys_clk_pin rise edge)
                                                     10.000    10.000 r  
    W5                                                0.000    10.000 r  clk (IN)
                         net (fo=0)                   0.000    10.000    clk
    W5                   IBUF (Prop_ibuf_I_O)         1.388    11.388 r  clk_IBUF_inst/O
                         net (fo=1, routed)           1.862    13.250    clk_IBUF
    BUFGCTRL_X0Y1        BUFG (Prop_bufg_I_O)         0.091    13.341 r  clk_IBUF_BUFG_inst/O
                         net (fo=44, routed)          1.442    14.783    db_rst/CLK
    SLICE_X37Y38         FDRE                                         r  db_rst/cnt_reg[0]/C
                         clock pessimism              0.275    15.058    
                         clock uncertainty           -0.035    15.023    
    SLICE_X37Y38         FDRE (Setup_fdre_C_R)       -0.631    14.392    db_rst/cnt_reg[0]
  -------------------------------------------------------------------
                         required time                         14.392    
                         arrival time                          -8.969    
  -------------------------------------------------------------------
                         slack                                  5.423    

Slack (MET) :             5.423ns  (required time - arrival time)
  Source:                 db_rst/cnt_reg[10]/C
                            (rising edge-triggered cell FDRE clocked by sys_clk_pin  {rise@0.000ns fall@5.000ns period=10.000ns})
  Destination:            db_rst/cnt_reg[1]/R
                            (rising edge-triggered cell FDRE clocked by sys_clk_pin  {rise@0.000ns fall@5.000ns period=10.000ns})
  Path Group:             sys_clk_pin
  Path Type:              Setup (Max at Slow Process Corner)
  Requirement:            10.000ns  (sys_clk_pin rise@10.000ns - sys_clk_pin rise@0.000ns)
  Data Path Delay:        3.885ns  (logic 0.978ns (25.177%)  route 2.907ns (74.823%))
  Logic Levels:           4  (LUT3=1 LUT4=1 LUT5=1 LUT6=1)
  Clock Path Skew:        -0.026ns (DCD - SCD + CPR)
    Destination Clock Delay (DCD):    4.783ns = ( 14.783 - 10.000 ) 
    Source Clock Delay      (SCD):    5.084ns
    Clock Pessimism Removal (CPR):    0.275ns
  Clock Uncertainty:      0.035ns  ((TSJ^2 + TIJ^2)^1/2 + DJ) / 2 + PE
    Total System Jitter     (TSJ):    0.071ns
    Total Input Jitter      (TIJ):    0.000ns
    Discrete Jitter          (DJ):    0.000ns
    Phase Error              (PE):    0.000ns

    Location             Delay type                Incr(ns)  Path(ns)    Netlist Resource(s)
  -------------------------------------------------------------------    -------------------
                         (clock sys_clk_pin rise edge)
                                                      0.000     0.000 r  
    W5                                                0.000     0.000 r  clk (IN)
                         net (fo=0)                   0.000     0.000    clk
    W5                   IBUF (Prop_ibuf_I_O)         1.458     1.458 r  clk_IBUF_inst/O
                         net (fo=1, routed)           1.967     3.425    clk_IBUF
    BUFGCTRL_X0Y1        BUFG (Prop_bufg_I_O)         0.096     3.521 r  clk_IBUF_BUFG_inst/O
                         net (fo=44, routed)          1.563     5.084    db_rst/CLK
    SLICE_X37Y40         FDRE                                         r  db_rst/cnt_reg[10]/C
  -------------------------------------------------------------------    -------------------
    SLICE_X37Y40         FDRE (Prop_fdre_C_Q)         0.456     5.540 r  db_rst/cnt_reg[10]/Q
                         net (fo=2, routed)           0.834     6.375    db_rst/cnt_reg[10]
    SLICE_X36Y39         LUT4 (Prop_lut4_I0_O)        0.124     6.499 f  db_rst/cnt[0]_i_7/O
                         net (fo=1, routed)           0.416     6.915    db_rst/cnt[0]_i_7_n_0
    SLICE_X36Y40         LUT5 (Prop_lut5_I4_O)        0.124     7.039 f  db_rst/cnt[0]_i_6/O
                         net (fo=1, routed)           0.650     7.689    db_rst/cnt[0]_i_6_n_0
    SLICE_X36Y40         LUT6 (Prop_lut6_I1_O)        0.124     7.813 r  db_rst/cnt[0]_i_3/O
                         net (fo=2, routed)           0.444     8.257    db_rst/cnt[0]_i_3_n_0
    SLICE_X36Y40         LUT3 (Prop_lut3_I0_O)        0.150     8.407 r  db_rst/cnt[0]_i_1/O
                         net (fo=18, routed)          0.562     8.969    db_rst/cnt[0]_i_1_n_0
    SLICE_X37Y38         FDRE                                         r  db_rst/cnt_reg[1]/R
  -------------------------------------------------------------------    -------------------

                         (clock sys_clk_pin rise edge)
                                                     10.000    10.000 r  
    W5                                                0.000    10.000 r  clk (IN)
                         net (fo=0)                   0.000    10.000    clk
    W5                   IBUF (Prop_ibuf_I_O)         1.388    11.388 r  clk_IBUF_inst/O
                         net (fo=1, routed)           1.862    13.250    clk_IBUF
    BUFGCTRL_X0Y1        BUFG (Prop_bufg_I_O)         0.091    13.341 r  clk_IBUF_BUFG_inst/O
                         net (fo=44, routed)          1.442    14.783    db_rst/CLK
    SLICE_X37Y38         FDRE                                         r  db_rst/cnt_reg[1]/C
                         clock pessimism              0.275    15.058    
                         clock uncertainty           -0.035    15.023    
    SLICE_X37Y38         FDRE (Setup_fdre_C_R)       -0.631    14.392    db_rst/cnt_reg[1]
  -------------------------------------------------------------------
                         required time                         14.392    
                         arrival time                          -8.969    
  -------------------------------------------------------------------
                         slack                                  5.423    





Min Delay Paths
--------------------------------------------------------------------------------------
Slack (MET) :             0.071ns  (arrival time - required time)
  Source:                 db_step/sync_reg[0]/C
                            (rising edge-triggered cell FDRE clocked by sys_clk_pin  {rise@0.000ns fall@5.000ns period=10.000ns})
  Destination:            db_step/sync_reg[1]/D
                            (rising edge-triggered cell FDRE clocked by sys_clk_pin  {rise@0.000ns fall@5.000ns period=10.000ns})
  Path Group:             sys_clk_pin
  Path Type:              Hold (Min at Fast Process Corner)
  Requirement:            0.000ns  (sys_clk_pin rise@0.000ns - sys_clk_pin rise@0.000ns)
  Data Path Delay:        0.408ns  (logic 0.164ns (40.161%)  route 0.244ns (59.839%))
  Logic Levels:           0  
  Clock Path Skew:        0.267ns (DCD - SCD - CPR)
    Destination Clock Delay (DCD):    1.959ns
    Source Clock Delay      (SCD):    1.443ns
    Clock Pessimism Removal (CPR):    0.249ns

    Location             Delay type                Incr(ns)  Path(ns)    Netlist Resource(s)
  -------------------------------------------------------------------    -------------------
                         (clock sys_clk_pin rise edge)
                                                      0.000     0.000 r  
    W5                                                0.000     0.000 r  clk (IN)
                         net (fo=0)                   0.000     0.000    clk
    W5                   IBUF (Prop_ibuf_I_O)         0.226     0.226 r  clk_IBUF_inst/O
                         net (fo=1, routed)           0.631     0.858    clk_IBUF
    BUFGCTRL_X0Y1        BUFG (Prop_bufg_I_O)         0.026     0.884 r  clk_IBUF_BUFG_inst/O
                         net (fo=44, routed)          0.560     1.443    db_step/CLK
    SLICE_X34Y39         FDRE                                         r  db_step/sync_reg[0]/C
  -------------------------------------------------------------------    -------------------
    SLICE_X34Y39         FDRE (Prop_fdre_C_Q)         0.164     1.607 r  db_step/sync_reg[0]/Q
                         net (fo=1, routed)           0.244     1.851    db_step/sync_reg_n_0_[0]
    SLICE_X36Y43         FDRE                                         r  db_step/sync_reg[1]/D
  -------------------------------------------------------------------    -------------------

                         (clock sys_clk_pin rise edge)
                                                      0.000     0.000 r  
    W5                                                0.000     0.000 r  clk (IN)
                         net (fo=0)                   0.000     0.000    clk
    W5                   IBUF (Prop_ibuf_I_O)         0.414     0.414 r  clk_IBUF_inst/O
                         net (fo=1, routed)           0.685     1.099    clk_IBUF
    BUFGCTRL_X0Y1        BUFG (Prop_bufg_I_O)         0.029     1.128 r  clk_IBUF_BUFG_inst/O
                         net (fo=44, routed)          0.832     1.959    db_step/CLK
    SLICE_X36Y43         FDRE                                         r  db_step/sync_reg[1]/C
                         clock pessimism             -0.249     1.710    
    SLICE_X36Y43         FDRE (Hold_fdre_C_D)         0.070     1.780    db_step/sync_reg[1]
  -------------------------------------------------------------------
                         required time                         -1.780    
                         arrival time                           1.851    
  -------------------------------------------------------------------
                         slack                                  0.071    

Slack (MET) :             0.193ns  (arrival time - required time)
  Source:                 db_step/sync_reg[1]/C
                            (rising edge-triggered cell FDRE clocked by sys_clk_pin  {rise@0.000ns fall@5.000ns period=10.000ns})
  Destination:            db_step/stable_reg/D
                            (rising edge-triggered cell FDRE clocked by sys_clk_pin  {rise@0.000ns fall@5.000ns period=10.000ns})
  Path Group:             sys_clk_pin
  Path Type:              Hold (Min at Fast Process Corner)
  Requirement:            0.000ns  (sys_clk_pin rise@0.000ns - sys_clk_pin rise@0.000ns)
  Data Path Delay:        0.329ns  (logic 0.186ns (56.500%)  route 0.143ns (43.500%))
  Logic Levels:           1  (LUT4=1)
  Clock Path Skew:        0.016ns (DCD - SCD - CPR)
    Destination Clock Delay (DCD):    1.959ns
    Source Clock Delay      (SCD):    1.446ns
    Clock Pessimism Removal (CPR):    0.497ns

    Location             Delay type                Incr(ns)  Path(ns)    Netlist Resource(s)
  -------------------------------------------------------------------    -------------------
                         (clock sys_clk_pin rise edge)
                                                      0.000     0.000 r  
    W5                                                0.000     0.000 r  clk (IN)
                         net (fo=0)                   0.000     0.000    clk
    W5                   IBUF (Prop_ibuf_I_O)         0.226     0.226 r  clk_IBUF_inst/O
                         net (fo=1, routed)           0.631     0.858    clk_IBUF
    BUFGCTRL_X0Y1        BUFG (Prop_bufg_I_O)         0.026     0.884 r  clk_IBUF_BUFG_inst/O
                         net (fo=44, routed)          0.563     1.446    db_step/CLK
    SLICE_X36Y43         FDRE                                         r  db_step/sync_reg[1]/C
  -------------------------------------------------------------------    -------------------
    SLICE_X36Y43         FDRE (Prop_fdre_C_Q)         0.141     1.587 r  db_step/sync_reg[1]/Q
                         net (fo=2, routed)           0.143     1.730    db_step/sync_reg_n_0_[1]
    SLICE_X38Y44         LUT4 (Prop_lut4_I2_O)        0.045     1.775 r  db_step/stable_i_1__0/O
                         net (fo=1, routed)           0.000     1.775    db_step/stable_i_1__0_n_0
    SLICE_X38Y44         FDRE                                         r  db_step/stable_reg/D
  -------------------------------------------------------------------    -------------------

                         (clock sys_clk_pin rise edge)
                                                      0.000     0.000 r  
    W5                                                0.000     0.000 r  clk (IN)
                         net (fo=0)                   0.000     0.000    clk
    W5                   IBUF (Prop_ibuf_I_O)         0.414     0.414 r  clk_IBUF_inst/O
                         net (fo=1, routed)           0.685     1.099    clk_IBUF
    BUFGCTRL_X0Y1        BUFG (Prop_bufg_I_O)         0.029     1.128 r  clk_IBUF_BUFG_inst/O
                         net (fo=44, routed)          0.832     1.959    db_step/CLK
    SLICE_X38Y44         FDRE                                         r  db_step/stable_reg/C
                         clock pessimism             -0.497     1.462    
    SLICE_X38Y44         FDRE (Hold_fdre_C_D)         0.120     1.582    db_step/stable_reg
  -------------------------------------------------------------------
                         required time                         -1.582    
                         arrival time                           1.775    
  -------------------------------------------------------------------
                         slack                                  0.193    

Slack (MET) :             0.205ns  (arrival time - required time)
  Source:                 db_rst/sync_reg[1]/C
                            (rising edge-triggered cell FDRE clocked by sys_clk_pin  {rise@0.000ns fall@5.000ns period=10.000ns})
  Destination:            db_rst/stable_reg/D
                            (rising edge-triggered cell FDRE clocked by sys_clk_pin  {rise@0.000ns fall@5.000ns period=10.000ns})
  Path Group:             sys_clk_pin
  Path Type:              Hold (Min at Fast Process Corner)
  Requirement:            0.000ns  (sys_clk_pin rise@0.000ns - sys_clk_pin rise@0.000ns)
  Data Path Delay:        0.563ns  (logic 0.209ns (37.153%)  route 0.354ns (62.847%))
  Logic Levels:           1  (LUT4=1)
  Clock Path Skew:        0.267ns (DCD - SCD - CPR)
    Destination Clock Delay (DCD):    1.958ns
    Source Clock Delay      (SCD):    1.442ns
    Clock Pessimism Removal (CPR):    0.249ns

    Location             Delay type                Incr(ns)  Path(ns)    Netlist Resource(s)
  -------------------------------------------------------------------    -------------------
                         (clock sys_clk_pin rise edge)
                                                      0.000     0.000 r  
    W5                                                0.000     0.000 r  clk (IN)
                         net (fo=0)                   0.000     0.000    clk
    W5                   IBUF (Prop_ibuf_I_O)         0.226     0.226 r  clk_IBUF_inst/O
                         net (fo=1, routed)           0.631     0.858    clk_IBUF
    BUFGCTRL_X0Y1        BUFG (Prop_bufg_I_O)         0.026     0.884 r  clk_IBUF_BUFG_inst/O
                         net (fo=44, routed)          0.559     1.442    db_rst/CLK
    SLICE_X34Y37         FDRE                                         r  db_rst/sync_reg[1]/C
  -------------------------------------------------------------------    -------------------
    SLICE_X34Y37         FDRE (Prop_fdre_C_Q)         0.164     1.606 r  db_rst/sync_reg[1]/Q
                         net (fo=2, routed)           0.354     1.960    db_rst/p_0_in
    SLICE_X36Y40         LUT4 (Prop_lut4_I2_O)        0.045     2.005 r  db_rst/stable_i_1/O
                         net (fo=1, routed)           0.000     2.005    db_rst/stable_i_1_n_0
    SLICE_X36Y40         FDRE                                         r  db_rst/stable_reg/D
  -------------------------------------------------------------------    -------------------

                         (clock sys_clk_pin rise edge)
                                                      0.000     0.000 r  
    W5                                                0.000     0.000 r  clk (IN)
                         net (fo=0)                   0.000     0.000    clk
    W5                   IBUF (Prop_ibuf_I_O)         0.414     0.414 r  clk_IBUF_inst/O
                         net (fo=1, routed)           0.685     1.099    clk_IBUF
    BUFGCTRL_X0Y1        BUFG (Prop_bufg_I_O)         0.029     1.128 r  clk_IBUF_BUFG_inst/O
                         net (fo=44, routed)          0.831     1.958    db_rst/CLK
    SLICE_X36Y40         FDRE                                         r  db_rst/stable_reg/C
                         clock pessimism             -0.249     1.709    
    SLICE_X36Y40         FDRE (Hold_fdre_C_D)         0.091     1.800    db_rst/stable_reg
  -------------------------------------------------------------------
                         required time                         -1.800    
                         arrival time                           2.005    
  -------------------------------------------------------------------
                         slack                                  0.205    

Slack (MET) :             0.261ns  (arrival time - required time)
  Source:                 db_rst/cnt_reg[11]/C
                            (rising edge-triggered cell FDRE clocked by sys_clk_pin  {rise@0.000ns fall@5.000ns period=10.000ns})
  Destination:            db_rst/cnt_reg[11]/D
                            (rising edge-triggered cell FDRE clocked by sys_clk_pin  {rise@0.000ns fall@5.000ns period=10.000ns})
  Path Group:             sys_clk_pin
  Path Type:              Hold (Min at Fast Process Corner)
  Requirement:            0.000ns  (sys_clk_pin rise@0.000ns - sys_clk_pin rise@0.000ns)
  Data Path Delay:        0.366ns  (logic 0.249ns (67.994%)  route 0.117ns (32.006%))
  Logic Levels:           1  (CARRY4=1)
  Clock Path Skew:        0.000ns (DCD - SCD - CPR)
    Destination Clock Delay (DCD):    1.958ns
    Source Clock Delay      (SCD):    1.445ns
    Clock Pessimism Removal (CPR):    0.513ns

    Location             Delay type                Incr(ns)  Path(ns)    Netlist Resource(s)
  -------------------------------------------------------------------    -------------------
                         (clock sys_clk_pin rise edge)
                                                      0.000     0.000 r  
    W5                                                0.000     0.000 r  clk (IN)
                         net (fo=0)                   0.000     0.000    clk
    W5                   IBUF (Prop_ibuf_I_O)         0.226     0.226 r  clk_IBUF_inst/O
                         net (fo=1, routed)           0.631     0.858    clk_IBUF
    BUFGCTRL_X0Y1        BUFG (Prop_bufg_I_O)         0.026     0.884 r  clk_IBUF_BUFG_inst/O
                         net (fo=44, routed)          0.562     1.445    db_rst/CLK
    SLICE_X37Y40         FDRE                                         r  db_rst/cnt_reg[11]/C
  -------------------------------------------------------------------    -------------------
    SLICE_X37Y40         FDRE (Prop_fdre_C_Q)         0.141     1.586 r  db_rst/cnt_reg[11]/Q
                         net (fo=2, routed)           0.117     1.703    db_rst/cnt_reg[11]
    SLICE_X37Y40         CARRY4 (Prop_carry4_S[3]_O[3])
                                                      0.108     1.811 r  db_rst/cnt_reg[8]_i_1/O[3]
                         net (fo=1, routed)           0.000     1.811    db_rst/cnt_reg[8]_i_1_n_4
    SLICE_X37Y40         FDRE                                         r  db_rst/cnt_reg[11]/D
  -------------------------------------------------------------------    -------------------

                         (clock sys_clk_pin rise edge)
                                                      0.000     0.000 r  
    W5                                                0.000     0.000 r  clk (IN)
                         net (fo=0)                   0.000     0.000    clk
    W5                   IBUF (Prop_ibuf_I_O)         0.414     0.414 r  clk_IBUF_inst/O
                         net (fo=1, routed)           0.685     1.099    clk_IBUF
    BUFGCTRL_X0Y1        BUFG (Prop_bufg_I_O)         0.029     1.128 r  clk_IBUF_BUFG_inst/O
                         net (fo=44, routed)          0.831     1.958    db_rst/CLK
    SLICE_X37Y40         FDRE                                         r  db_rst/cnt_reg[11]/C
                         clock pessimism             -0.513     1.445    
    SLICE_X37Y40         FDRE (Hold_fdre_C_D)         0.105     1.550    db_rst/cnt_reg[11]
  -------------------------------------------------------------------
                         required time                         -1.550    
                         arrival time                           1.811    
  -------------------------------------------------------------------
                         slack                                  0.261    

Slack (MET) :             0.261ns  (arrival time - required time)
  Source:                 db_step/cnt_reg[7]/C
                            (rising edge-triggered cell FDRE clocked by sys_clk_pin  {rise@0.000ns fall@5.000ns period=10.000ns})
  Destination:            db_step/cnt_reg[7]/D
                            (rising edge-triggered cell FDRE clocked by sys_clk_pin  {rise@0.000ns fall@5.000ns period=10.000ns})
  Path Group:             sys_clk_pin
  Path Type:              Hold (Min at Fast Process Corner)
  Requirement:            0.000ns  (sys_clk_pin rise@0.000ns - sys_clk_pin rise@0.000ns)
  Data Path Delay:        0.366ns  (logic 0.249ns (67.994%)  route 0.117ns (32.006%))
  Logic Levels:           1  (CARRY4=1)
  Clock Path Skew:        0.000ns (DCD - SCD - CPR)
    Destination Clock Delay (DCD):    1.958ns
    Source Clock Delay      (SCD):    1.445ns
    Clock Pessimism Removal (CPR):    0.513ns

    Location             Delay type                Incr(ns)  Path(ns)    Netlist Resource(s)
  -------------------------------------------------------------------    -------------------
                         (clock sys_clk_pin rise edge)
                                                      0.000     0.000 r  
    W5                                                0.000     0.000 r  clk (IN)
                         net (fo=0)                   0.000     0.000    clk
    W5                   IBUF (Prop_ibuf_I_O)         0.226     0.226 r  clk_IBUF_inst/O
                         net (fo=1, routed)           0.631     0.858    clk_IBUF
    BUFGCTRL_X0Y1        BUFG (Prop_bufg_I_O)         0.026     0.884 r  clk_IBUF_BUFG_inst/O
                         net (fo=44, routed)          0.562     1.445    db_step/CLK
    SLICE_X39Y42         FDRE                                         r  db_step/cnt_reg[7]/C
  -------------------------------------------------------------------    -------------------
    SLICE_X39Y42         FDRE (Prop_fdre_C_Q)         0.141     1.586 r  db_step/cnt_reg[7]/Q
                         net (fo=2, routed)           0.117     1.703    db_step/cnt_reg[7]
    SLICE_X39Y42         CARRY4 (Prop_carry4_S[3]_O[3])
                                                      0.108     1.811 r  db_step/cnt_reg[4]_i_1__0/O[3]
                         net (fo=1, routed)           0.000     1.811    db_step/cnt_reg[4]_i_1__0_n_4
    SLICE_X39Y42         FDRE                                         r  db_step/cnt_reg[7]/D
  -------------------------------------------------------------------    -------------------

                         (clock sys_clk_pin rise edge)
                                                      0.000     0.000 r  
    W5                                                0.000     0.000 r  clk (IN)
                         net (fo=0)                   0.000     0.000    clk
    W5                   IBUF (Prop_ibuf_I_O)         0.414     0.414 r  clk_IBUF_inst/O
                         net (fo=1, routed)           0.685     1.099    clk_IBUF
    BUFGCTRL_X0Y1        BUFG (Prop_bufg_I_O)         0.029     1.128 r  clk_IBUF_BUFG_inst/O
                         net (fo=44, routed)          0.831     1.958    db_step/CLK
    SLICE_X39Y42         FDRE                                         r  db_step/cnt_reg[7]/C
                         clock pessimism             -0.513     1.445    
    SLICE_X39Y42         FDRE (Hold_fdre_C_D)         0.105     1.550    db_step/cnt_reg[7]
  -------------------------------------------------------------------
                         required time                         -1.550    
                         arrival time                           1.811    
  -------------------------------------------------------------------
                         slack                                  0.261    

Slack (MET) :             0.261ns  (arrival time - required time)
  Source:                 db_rst/cnt_reg[7]/C
                            (rising edge-triggered cell FDRE clocked by sys_clk_pin  {rise@0.000ns fall@5.000ns period=10.000ns})
  Destination:            db_rst/cnt_reg[7]/D
                            (rising edge-triggered cell FDRE clocked by sys_clk_pin  {rise@0.000ns fall@5.000ns period=10.000ns})
  Path Group:             sys_clk_pin
  Path Type:              Hold (Min at Fast Process Corner)
  Requirement:            0.000ns  (sys_clk_pin rise@0.000ns - sys_clk_pin rise@0.000ns)
  Data Path Delay:        0.366ns  (logic 0.249ns (67.994%)  route 0.117ns (32.006%))
  Logic Levels:           1  (CARRY4=1)
  Clock Path Skew:        0.000ns (DCD - SCD - CPR)
    Destination Clock Delay (DCD):    1.957ns
    Source Clock Delay      (SCD):    1.444ns
    Clock Pessimism Removal (CPR):    0.513ns

    Location             Delay type                Incr(ns)  Path(ns)    Netlist Resource(s)
  -------------------------------------------------------------------    -------------------
                         (clock sys_clk_pin rise edge)
                                                      0.000     0.000 r  
    W5                                                0.000     0.000 r  clk (IN)
                         net (fo=0)                   0.000     0.000    clk
    W5                   IBUF (Prop_ibuf_I_O)         0.226     0.226 r  clk_IBUF_inst/O
                         net (fo=1, routed)           0.631     0.858    clk_IBUF
    BUFGCTRL_X0Y1        BUFG (Prop_bufg_I_O)         0.026     0.884 r  clk_IBUF_BUFG_inst/O
                         net (fo=44, routed)          0.561     1.444    db_rst/CLK
    SLICE_X37Y39         FDRE                                         r  db_rst/cnt_reg[7]/C
  -------------------------------------------------------------------    -------------------
    SLICE_X37Y39         FDRE (Prop_fdre_C_Q)         0.141     1.585 r  db_rst/cnt_reg[7]/Q
                         net (fo=2, routed)           0.117     1.702    db_rst/cnt_reg[7]
    SLICE_X37Y39         CARRY4 (Prop_carry4_S[3]_O[3])
                                                      0.108     1.810 r  db_rst/cnt_reg[4]_i_1/O[3]
                         net (fo=1, routed)           0.000     1.810    db_rst/cnt_reg[4]_i_1_n_4
    SLICE_X37Y39         FDRE                                         r  db_rst/cnt_reg[7]/D
  -------------------------------------------------------------------    -------------------

                         (clock sys_clk_pin rise edge)
                                                      0.000     0.000 r  
    W5                                                0.000     0.000 r  clk (IN)
                         net (fo=0)                   0.000     0.000    clk
    W5                   IBUF (Prop_ibuf_I_O)         0.414     0.414 r  clk_IBUF_inst/O
                         net (fo=1, routed)           0.685     1.099    clk_IBUF
    BUFGCTRL_X0Y1        BUFG (Prop_bufg_I_O)         0.029     1.128 r  clk_IBUF_BUFG_inst/O
                         net (fo=44, routed)          0.830     1.957    db_rst/CLK
    SLICE_X37Y39         FDRE                                         r  db_rst/cnt_reg[7]/C
                         clock pessimism             -0.513     1.444    
    SLICE_X37Y39         FDRE (Hold_fdre_C_D)         0.105     1.549    db_rst/cnt_reg[7]
  -------------------------------------------------------------------
                         required time                         -1.549    
                         arrival time                           1.810    
  -------------------------------------------------------------------
                         slack                                  0.261    

Slack (MET) :             0.262ns  (arrival time - required time)
  Source:                 db_rst/cnt_reg[15]/C
                            (rising edge-triggered cell FDRE clocked by sys_clk_pin  {rise@0.000ns fall@5.000ns period=10.000ns})
  Destination:            db_rst/cnt_reg[15]/D
                            (rising edge-triggered cell FDRE clocked by sys_clk_pin  {rise@0.000ns fall@5.000ns period=10.000ns})
  Path Group:             sys_clk_pin
  Path Type:              Hold (Min at Fast Process Corner)
  Requirement:            0.000ns  (sys_clk_pin rise@0.000ns - sys_clk_pin rise@0.000ns)
  Data Path Delay:        0.367ns  (logic 0.249ns (67.838%)  route 0.118ns (32.162%))
  Logic Levels:           1  (CARRY4=1)
  Clock Path Skew:        0.000ns (DCD - SCD - CPR)
    Destination Clock Delay (DCD):    1.958ns
    Source Clock Delay      (SCD):    1.445ns
    Clock Pessimism Removal (CPR):    0.513ns

    Location             Delay type                Incr(ns)  Path(ns)    Netlist Resource(s)
  -------------------------------------------------------------------    -------------------
                         (clock sys_clk_pin rise edge)
                                                      0.000     0.000 r  
    W5                                                0.000     0.000 r  clk (IN)
                         net (fo=0)                   0.000     0.000    clk
    W5                   IBUF (Prop_ibuf_I_O)         0.226     0.226 r  clk_IBUF_inst/O
                         net (fo=1, routed)           0.631     0.858    clk_IBUF
    BUFGCTRL_X0Y1        BUFG (Prop_bufg_I_O)         0.026     0.884 r  clk_IBUF_BUFG_inst/O
                         net (fo=44, routed)          0.562     1.445    db_rst/CLK
    SLICE_X37Y41         FDRE                                         r  db_rst/cnt_reg[15]/C
  -------------------------------------------------------------------    -------------------
    SLICE_X37Y41         FDRE (Prop_fdre_C_Q)         0.141     1.586 r  db_rst/cnt_reg[15]/Q
                         net (fo=2, routed)           0.118     1.704    db_rst/cnt_reg[15]
    SLICE_X37Y41         CARRY4 (Prop_carry4_S[3]_O[3])
                                                      0.108     1.812 r  db_rst/cnt_reg[12]_i_1/O[3]
                         net (fo=1, routed)           0.000     1.812    db_rst/cnt_reg[12]_i_1_n_4
    SLICE_X37Y41         FDRE                                         r  db_rst/cnt_reg[15]/D
  -------------------------------------------------------------------    -------------------

                         (clock sys_clk_pin rise edge)
                                                      0.000     0.000 r  
    W5                                                0.000     0.000 r  clk (IN)
                         net (fo=0)                   0.000     0.000    clk
    W5                   IBUF (Prop_ibuf_I_O)         0.414     0.414 r  clk_IBUF_inst/O
                         net (fo=1, routed)           0.685     1.099    clk_IBUF
    BUFGCTRL_X0Y1        BUFG (Prop_bufg_I_O)         0.029     1.128 r  clk_IBUF_BUFG_inst/O
                         net (fo=44, routed)          0.831     1.958    db_rst/CLK
    SLICE_X37Y41         FDRE                                         r  db_rst/cnt_reg[15]/C
                         clock pessimism             -0.513     1.445    
    SLICE_X37Y41         FDRE (Hold_fdre_C_D)         0.105     1.550    db_rst/cnt_reg[15]
  -------------------------------------------------------------------
                         required time                         -1.550    
                         arrival time                           1.812    
  -------------------------------------------------------------------
                         slack                                  0.262    

Slack (MET) :             0.262ns  (arrival time - required time)
  Source:                 db_step/cnt_reg[15]/C
                            (rising edge-triggered cell FDRE clocked by sys_clk_pin  {rise@0.000ns fall@5.000ns period=10.000ns})
  Destination:            db_step/cnt_reg[15]/D
                            (rising edge-triggered cell FDRE clocked by sys_clk_pin  {rise@0.000ns fall@5.000ns period=10.000ns})
  Path Group:             sys_clk_pin
  Path Type:              Hold (Min at Fast Process Corner)
  Requirement:            0.000ns  (sys_clk_pin rise@0.000ns - sys_clk_pin rise@0.000ns)
  Data Path Delay:        0.367ns  (logic 0.249ns (67.838%)  route 0.118ns (32.162%))
  Logic Levels:           1  (CARRY4=1)
  Clock Path Skew:        0.000ns (DCD - SCD - CPR)
    Destination Clock Delay (DCD):    1.959ns
    Source Clock Delay      (SCD):    1.446ns
    Clock Pessimism Removal (CPR):    0.513ns

    Location             Delay type                Incr(ns)  Path(ns)    Netlist Resource(s)
  -------------------------------------------------------------------    -------------------
                         (clock sys_clk_pin rise edge)
                                                      0.000     0.000 r  
    W5                                                0.000     0.000 r  clk (IN)
                         net (fo=0)                   0.000     0.000    clk
    W5                   IBUF (Prop_ibuf_I_O)         0.226     0.226 r  clk_IBUF_inst/O
                         net (fo=1, routed)           0.631     0.858    clk_IBUF
    BUFGCTRL_X0Y1        BUFG (Prop_bufg_I_O)         0.026     0.884 r  clk_IBUF_BUFG_inst/O
                         net (fo=44, routed)          0.563     1.446    db_step/CLK
    SLICE_X39Y44         FDRE                                         r  db_step/cnt_reg[15]/C
  -------------------------------------------------------------------    -------------------
    SLICE_X39Y44         FDRE (Prop_fdre_C_Q)         0.141     1.587 r  db_step/cnt_reg[15]/Q
                         net (fo=2, routed)           0.118     1.705    db_step/cnt_reg[15]
    SLICE_X39Y44         CARRY4 (Prop_carry4_S[3]_O[3])
                                                      0.108     1.813 r  db_step/cnt_reg[12]_i_1__0/O[3]
                         net (fo=1, routed)           0.000     1.813    db_step/cnt_reg[12]_i_1__0_n_4
    SLICE_X39Y44         FDRE                                         r  db_step/cnt_reg[15]/D
  -------------------------------------------------------------------    -------------------

                         (clock sys_clk_pin rise edge)
                                                      0.000     0.000 r  
    W5                                                0.000     0.000 r  clk (IN)
                         net (fo=0)                   0.000     0.000    clk
    W5                   IBUF (Prop_ibuf_I_O)         0.414     0.414 r  clk_IBUF_inst/O
                         net (fo=1, routed)           0.685     1.099    clk_IBUF
    BUFGCTRL_X0Y1        BUFG (Prop_bufg_I_O)         0.029     1.128 r  clk_IBUF_BUFG_inst/O
                         net (fo=44, routed)          0.832     1.959    db_step/CLK
    SLICE_X39Y44         FDRE                                         r  db_step/cnt_reg[15]/C
                         clock pessimism             -0.513     1.446    
    SLICE_X39Y44         FDRE (Hold_fdre_C_D)         0.105     1.551    db_step/cnt_reg[15]
  -------------------------------------------------------------------
                         required time                         -1.551    
                         arrival time                           1.813    
  -------------------------------------------------------------------
                         slack                                  0.262    

Slack (MET) :             0.264ns  (arrival time - required time)
  Source:                 db_step/cnt_reg[11]/C
                            (rising edge-triggered cell FDRE clocked by sys_clk_pin  {rise@0.000ns fall@5.000ns period=10.000ns})
  Destination:            db_step/cnt_reg[11]/D
                            (rising edge-triggered cell FDRE clocked by sys_clk_pin  {rise@0.000ns fall@5.000ns period=10.000ns})
  Path Group:             sys_clk_pin
  Path Type:              Hold (Min at Fast Process Corner)
  Requirement:            0.000ns  (sys_clk_pin rise@0.000ns - sys_clk_pin rise@0.000ns)
  Data Path Delay:        0.369ns  (logic 0.249ns (67.424%)  route 0.120ns (32.576%))
  Logic Levels:           1  (CARRY4=1)
  Clock Path Skew:        0.000ns (DCD - SCD - CPR)
    Destination Clock Delay (DCD):    1.959ns
    Source Clock Delay      (SCD):    1.446ns
    Clock Pessimism Removal (CPR):    0.513ns

    Location             Delay type                Incr(ns)  Path(ns)    Netlist Resource(s)
  -------------------------------------------------------------------    -------------------
                         (clock sys_clk_pin rise edge)
                                                      0.000     0.000 r  
    W5                                                0.000     0.000 r  clk (IN)
                         net (fo=0)                   0.000     0.000    clk
    W5                   IBUF (Prop_ibuf_I_O)         0.226     0.226 r  clk_IBUF_inst/O
                         net (fo=1, routed)           0.631     0.858    clk_IBUF
    BUFGCTRL_X0Y1        BUFG (Prop_bufg_I_O)         0.026     0.884 r  clk_IBUF_BUFG_inst/O
                         net (fo=44, routed)          0.563     1.446    db_step/CLK
    SLICE_X39Y43         FDRE                                         r  db_step/cnt_reg[11]/C
  -------------------------------------------------------------------    -------------------
    SLICE_X39Y43         FDRE (Prop_fdre_C_Q)         0.141     1.587 r  db_step/cnt_reg[11]/Q
                         net (fo=2, routed)           0.120     1.707    db_step/cnt_reg[11]
    SLICE_X39Y43         CARRY4 (Prop_carry4_S[3]_O[3])
                                                      0.108     1.815 r  db_step/cnt_reg[8]_i_1__0/O[3]
                         net (fo=1, routed)           0.000     1.815    db_step/cnt_reg[8]_i_1__0_n_4
    SLICE_X39Y43         FDRE                                         r  db_step/cnt_reg[11]/D
  -------------------------------------------------------------------    -------------------

                         (clock sys_clk_pin rise edge)
                                                      0.000     0.000 r  
    W5                                                0.000     0.000 r  clk (IN)
                         net (fo=0)                   0.000     0.000    clk
    W5                   IBUF (Prop_ibuf_I_O)         0.414     0.414 r  clk_IBUF_inst/O
                         net (fo=1, routed)           0.685     1.099    clk_IBUF
    BUFGCTRL_X0Y1        BUFG (Prop_bufg_I_O)         0.029     1.128 r  clk_IBUF_BUFG_inst/O
                         net (fo=44, routed)          0.832     1.959    db_step/CLK
    SLICE_X39Y43         FDRE                                         r  db_step/cnt_reg[11]/C
                         clock pessimism             -0.513     1.446    
    SLICE_X39Y43         FDRE (Hold_fdre_C_D)         0.105     1.551    db_step/cnt_reg[11]
  -------------------------------------------------------------------
                         required time                         -1.551    
                         arrival time                           1.815    
  -------------------------------------------------------------------
                         slack                                  0.264    

Slack (MET) :             0.264ns  (arrival time - required time)
  Source:                 db_step/cnt_reg[3]/C
                            (rising edge-triggered cell FDRE clocked by sys_clk_pin  {rise@0.000ns fall@5.000ns period=10.000ns})
  Destination:            db_step/cnt_reg[3]/D
                            (rising edge-triggered cell FDRE clocked by sys_clk_pin  {rise@0.000ns fall@5.000ns period=10.000ns})
  Path Group:             sys_clk_pin
  Path Type:              Hold (Min at Fast Process Corner)
  Requirement:            0.000ns  (sys_clk_pin rise@0.000ns - sys_clk_pin rise@0.000ns)
  Data Path Delay:        0.369ns  (logic 0.249ns (67.412%)  route 0.120ns (32.588%))
  Logic Levels:           1  (CARRY4=1)
  Clock Path Skew:        0.000ns (DCD - SCD - CPR)
    Destination Clock Delay (DCD):    1.958ns
    Source Clock Delay      (SCD):    1.445ns
    Clock Pessimism Removal (CPR):    0.513ns

    Location             Delay type                Incr(ns)  Path(ns)    Netlist Resource(s)
  -------------------------------------------------------------------    -------------------
                         (clock sys_clk_pin rise edge)
                                                      0.000     0.000 r  
    W5                                                0.000     0.000 r  clk (IN)
                         net (fo=0)                   0.000     0.000    clk
    W5                   IBUF (Prop_ibuf_I_O)         0.226     0.226 r  clk_IBUF_inst/O
                         net (fo=1, routed)           0.631     0.858    clk_IBUF
    BUFGCTRL_X0Y1        BUFG (Prop_bufg_I_O)         0.026     0.884 r  clk_IBUF_BUFG_inst/O
                         net (fo=44, routed)          0.562     1.445    db_step/CLK
    SLICE_X39Y41         FDRE                                         r  db_step/cnt_reg[3]/C
  -------------------------------------------------------------------    -------------------
    SLICE_X39Y41         FDRE (Prop_fdre_C_Q)         0.141     1.586 r  db_step/cnt_reg[3]/Q
                         net (fo=2, routed)           0.120     1.706    db_step/cnt_reg[3]
    SLICE_X39Y41         CARRY4 (Prop_carry4_S[3]_O[3])
                                                      0.108     1.814 r  db_step/cnt_reg[0]_i_2__0/O[3]
                         net (fo=1, routed)           0.000     1.814    db_step/cnt_reg[0]_i_2__0_n_4
    SLICE_X39Y41         FDRE                                         r  db_step/cnt_reg[3]/D
  -------------------------------------------------------------------    -------------------

                         (clock sys_clk_pin rise edge)
                                                      0.000     0.000 r  
    W5                                                0.000     0.000 r  clk (IN)
                         net (fo=0)                   0.000     0.000    clk
    W5                   IBUF (Prop_ibuf_I_O)         0.414     0.414 r  clk_IBUF_inst/O
                         net (fo=1, routed)           0.685     1.099    clk_IBUF
    BUFGCTRL_X0Y1        BUFG (Prop_bufg_I_O)         0.029     1.128 r  clk_IBUF_BUFG_inst/O
                         net (fo=44, routed)          0.831     1.958    db_step/CLK
    SLICE_X39Y41         FDRE                                         r  db_step/cnt_reg[3]/C
                         clock pessimism             -0.513     1.445    
    SLICE_X39Y41         FDRE (Hold_fdre_C_D)         0.105     1.550    db_step/cnt_reg[3]
  -------------------------------------------------------------------
                         required time                         -1.550    
                         arrival time                           1.814    
  -------------------------------------------------------------------
                         slack                                  0.264    





Pulse Width Checks
--------------------------------------------------------------------------------------
Clock Name:         sys_clk_pin
Waveform(ns):       { 0.000 5.000 }
Period(ns):         10.000
Sources:            { clk }

Check Type        Corner  Lib Pin  Reference Pin  Required(ns)  Actual(ns)  Slack(ns)  Location       Pin
Min Period        n/a     BUFG/I   n/a            2.155         10.000      7.845      BUFGCTRL_X0Y1  clk_IBUF_BUFG_inst/I
Min Period        n/a     FDRE/C   n/a            1.000         10.000      9.000      SLICE_X37Y38   db_rst/cnt_reg[0]/C
Min Period        n/a     FDRE/C   n/a            1.000         10.000      9.000      SLICE_X37Y40   db_rst/cnt_reg[10]/C
Min Period        n/a     FDRE/C   n/a            1.000         10.000      9.000      SLICE_X37Y40   db_rst/cnt_reg[11]/C
Min Period        n/a     FDRE/C   n/a            1.000         10.000      9.000      SLICE_X37Y41   db_rst/cnt_reg[12]/C
Min Period        n/a     FDRE/C   n/a            1.000         10.000      9.000      SLICE_X37Y41   db_rst/cnt_reg[13]/C
Min Period        n/a     FDRE/C   n/a            1.000         10.000      9.000      SLICE_X37Y41   db_rst/cnt_reg[14]/C
Min Period        n/a     FDRE/C   n/a            1.000         10.000      9.000      SLICE_X37Y41   db_rst/cnt_reg[15]/C
Min Period        n/a     FDRE/C   n/a            1.000         10.000      9.000      SLICE_X37Y42   db_rst/cnt_reg[16]/C
Min Period        n/a     FDRE/C   n/a            1.000         10.000      9.000      SLICE_X37Y42   db_rst/cnt_reg[17]/C
Low Pulse Width   Slow    FDRE/C   n/a            0.500         5.000       4.500      SLICE_X37Y38   db_rst/cnt_reg[0]/C
Low Pulse Width   Fast    FDRE/C   n/a            0.500         5.000       4.500      SLICE_X37Y38   db_rst/cnt_reg[0]/C
Low Pulse Width   Slow    FDRE/C   n/a            0.500         5.000       4.500      SLICE_X37Y40   db_rst/cnt_reg[10]/C
Low Pulse Width   Fast    FDRE/C   n/a            0.500         5.000       4.500      SLICE_X37Y40   db_rst/cnt_reg[10]/C
Low Pulse Width   Slow    FDRE/C   n/a            0.500         5.000       4.500      SLICE_X37Y40   db_rst/cnt_reg[11]/C
Low Pulse Width   Fast    FDRE/C   n/a            0.500         5.000       4.500      SLICE_X37Y40   db_rst/cnt_reg[11]/C
Low Pulse Width   Slow    FDRE/C   n/a            0.500         5.000       4.500      SLICE_X37Y41   db_rst/cnt_reg[12]/C
Low Pulse Width   Fast    FDRE/C   n/a            0.500         5.000       4.500      SLICE_X37Y41   db_rst/cnt_reg[12]/C
Low Pulse Width   Slow    FDRE/C   n/a            0.500         5.000       4.500      SLICE_X37Y41   db_rst/cnt_reg[13]/C
Low Pulse Width   Fast    FDRE/C   n/a            0.500         5.000       4.500      SLICE_X37Y41   db_rst/cnt_reg[13]/C
High Pulse Width  Slow    FDRE/C   n/a            0.500         5.000       4.500      SLICE_X37Y38   db_rst/cnt_reg[0]/C
High Pulse Width  Fast    FDRE/C   n/a            0.500         5.000       4.500      SLICE_X37Y38   db_rst/cnt_reg[0]/C
High Pulse Width  Slow    FDRE/C   n/a            0.500         5.000       4.500      SLICE_X37Y40   db_rst/cnt_reg[10]/C
High Pulse Width  Fast    FDRE/C   n/a            0.500         5.000       4.500      SLICE_X37Y40   db_rst/cnt_reg[10]/C
High Pulse Width  Slow    FDRE/C   n/a            0.500         5.000       4.500      SLICE_X37Y40   db_rst/cnt_reg[11]/C
High Pulse Width  Fast    FDRE/C   n/a            0.500         5.000       4.500      SLICE_X37Y40   db_rst/cnt_reg[11]/C
High Pulse Width  Slow    FDRE/C   n/a            0.500         5.000       4.500      SLICE_X37Y41   db_rst/cnt_reg[12]/C
High Pulse Width  Fast    FDRE/C   n/a            0.500         5.000       4.500      SLICE_X37Y41   db_rst/cnt_reg[12]/C
High Pulse Width  Slow    FDRE/C   n/a            0.500         5.000       4.500      SLICE_X37Y41   db_rst/cnt_reg[13]/C
High Pulse Width  Fast    FDRE/C   n/a            0.500         5.000       4.500      SLICE_X37Y41   db_rst/cnt_reg[13]/C



--------------------------------------------------------------------------------------
Path Group:  (none)
From Clock:  
  To Clock:  

Max Delay          1148 Endpoints
Min Delay          1148 Endpoints
--------------------------------------------------------------------------------------


Max Delay Paths
--------------------------------------------------------------------------------------
Slack:                    inf
  Source:                 u_cpu/u_dp/ir_reg[8]/C
                            (rising edge-triggered cell FDRE)
  Destination:            led[15]
                            (output port)
  Path Group:             (none)
  Path Type:              Max at Slow Process Corner
  Data Path Delay:        19.029ns  (logic 6.365ns (33.451%)  route 12.664ns (66.549%))
  Logic Levels:           10  (CARRY4=2 FDRE=1 LUT2=1 LUT3=1 LUT5=1 LUT6=2 MUXF7=1 OBUF=1)

    Location             Delay type                Incr(ns)  Path(ns)    Netlist Resource(s)
  -------------------------------------------------------------------    -------------------
    SLICE_X42Y18         FDRE                         0.000     0.000 r  u_cpu/u_dp/ir_reg[8]/C
    SLICE_X42Y18         FDRE (Prop_fdre_C_Q)         0.518     0.518 r  u_cpu/u_dp/ir_reg[8]/Q
                         net (fo=32, routed)          2.574     3.092    u_cpu/u_dp/rf/mar_reg[0]_rep__2[8]
    SLICE_X38Y16         MUXF7 (Prop_muxf7_S_O)       0.292     3.384 f  u_cpu/u_dp/rf/i__carry__1_i_12/O
                         net (fo=5, routed)           1.554     4.938    u_cpu/u_dp/rf/i__carry__1_i_12_n_0
    SLICE_X34Y22         LUT3 (Prop_lut3_I2_O)        0.323     5.261 r  u_cpu/u_dp/rf/i__carry__1_i_20/O
                         net (fo=9, routed)           1.367     6.628    u_cpu/u_dp/rf/led_OBUF[8]_inst_i_10_n_0
    SLICE_X30Y22         LUT2 (Prop_lut2_I1_O)        0.328     6.956 r  u_cpu/u_dp/rf/i__carry__1_i_8__0/O
                         net (fo=1, routed)           0.000     6.956    u_cpu/u_dp/alu0/led_OBUF[8]_inst_i_6_0[0]
    SLICE_X30Y22         CARRY4 (Prop_carry4_S[0]_CO[3])
                                                      0.513     7.469 r  u_cpu/u_dp/alu0/y0_inferred__5/i__carry__1/CO[3]
                         net (fo=1, routed)           0.000     7.469    u_cpu/u_dp/alu0/y0_inferred__5/i__carry__1_n_0
    SLICE_X30Y23         CARRY4 (Prop_carry4_CI_O[3])
                                                      0.315     7.784 r  u_cpu/u_dp/alu0/y0_inferred__5/i__carry__2/O[3]
                         net (fo=2, routed)           0.947     8.731    u_cpu/u_dp/rf/led_OBUF[15]_inst_i_2_0[14]
    SLICE_X35Y25         LUT6 (Prop_lut6_I3_O)        0.307     9.038 r  u_cpu/u_dp/rf/led_OBUF[15]_inst_i_7/O
                         net (fo=1, routed)           0.433     9.471    u_cpu/u_dp/rf/led_OBUF[15]_inst_i_7_n_0
    SLICE_X35Y25         LUT6 (Prop_lut6_I4_O)        0.124     9.595 r  u_cpu/u_dp/rf/led_OBUF[15]_inst_i_2/O
                         net (fo=6, routed)           1.347    10.942    u_cpu/u_dp/rf/dbg_alu_y[15]
    SLICE_X44Y25         LUT5 (Prop_lut5_I2_O)        0.124    11.066 r  u_cpu/u_dp/rf/led_OBUF[15]_inst_i_1/O
                         net (fo=1, routed)           4.442    15.508    led_OBUF[15]
    L1                   OBUF (Prop_obuf_I_O)         3.521    19.029 r  led_OBUF[15]_inst/O
                         net (fo=0)                   0.000    19.029    led[15]
    L1                                                                r  led[15] (OUT)
  -------------------------------------------------------------------    -------------------

Slack:                    inf
  Source:                 u_cpu/u_dp/ir_reg[8]/C
                            (rising edge-triggered cell FDRE)
  Destination:            led[13]
                            (output port)
  Path Group:             (none)
  Path Type:              Max at Slow Process Corner
  Data Path Delay:        18.575ns  (logic 6.358ns (34.231%)  route 12.216ns (65.769%))
  Logic Levels:           10  (CARRY4=2 FDRE=1 LUT2=1 LUT3=1 LUT5=2 LUT6=1 MUXF7=1 OBUF=1)

    Location             Delay type                Incr(ns)  Path(ns)    Netlist Resource(s)
  -------------------------------------------------------------------    -------------------
    SLICE_X42Y18         FDRE                         0.000     0.000 r  u_cpu/u_dp/ir_reg[8]/C
    SLICE_X42Y18         FDRE (Prop_fdre_C_Q)         0.518     0.518 r  u_cpu/u_dp/ir_reg[8]/Q
                         net (fo=32, routed)          2.574     3.092    u_cpu/u_dp/rf/mar_reg[0]_rep__2[8]
    SLICE_X38Y16         MUXF7 (Prop_muxf7_S_O)       0.292     3.384 f  u_cpu/u_dp/rf/i__carry__1_i_12/O
                         net (fo=5, routed)           1.554     4.938    u_cpu/u_dp/rf/i__carry__1_i_12_n_0
    SLICE_X34Y22         LUT3 (Prop_lut3_I2_O)        0.323     5.261 r  u_cpu/u_dp/rf/i__carry__1_i_20/O
                         net (fo=9, routed)           1.367     6.628    u_cpu/u_dp/rf/led_OBUF[8]_inst_i_10_n_0
    SLICE_X30Y22         LUT2 (Prop_lut2_I1_O)        0.328     6.956 r  u_cpu/u_dp/rf/i__carry__1_i_8__0/O
                         net (fo=1, routed)           0.000     6.956    u_cpu/u_dp/alu0/led_OBUF[8]_inst_i_6_0[0]
    SLICE_X30Y22         CARRY4 (Prop_carry4_S[0]_CO[3])
                                                      0.513     7.469 r  u_cpu/u_dp/alu0/y0_inferred__5/i__carry__1/CO[3]
                         net (fo=1, routed)           0.000     7.469    u_cpu/u_dp/alu0/y0_inferred__5/i__carry__1_n_0
    SLICE_X30Y23         CARRY4 (Prop_carry4_CI_O[1])
                                                      0.323     7.792 r  u_cpu/u_dp/alu0/y0_inferred__5/i__carry__2/O[1]
                         net (fo=2, routed)           0.653     8.445    u_cpu/u_dp/rf/led_OBUF[15]_inst_i_2_0[12]
    SLICE_X35Y23         LUT5 (Prop_lut5_I0_O)        0.306     8.751 r  u_cpu/u_dp/rf/led_OBUF[13]_inst_i_3/O
                         net (fo=1, routed)           0.806     9.557    u_cpu/u_dp/rf/led_OBUF[13]_inst_i_3_n_0
    SLICE_X35Y24         LUT6 (Prop_lut6_I0_O)        0.124     9.681 r  u_cpu/u_dp/rf/led_OBUF[13]_inst_i_2/O
                         net (fo=6, routed)           1.363    11.044    u_cpu/u_dp/rf/dbg_alu_y[13]
    SLICE_X46Y25         LUT5 (Prop_lut5_I2_O)        0.124    11.168 r  u_cpu/u_dp/rf/led_OBUF[13]_inst_i_1/O
                         net (fo=1, routed)           3.900    15.067    led_OBUF[13]
    N3                   OBUF (Prop_obuf_I_O)         3.507    18.575 r  led_OBUF[13]_inst/O
                         net (fo=0)                   0.000    18.575    led[13]
    N3                                                                r  led[13] (OUT)
  -------------------------------------------------------------------    -------------------

Slack:                    inf
  Source:                 u_cpu/u_dp/ir_reg[8]/C
                            (rising edge-triggered cell FDRE)
  Destination:            led[14]
                            (output port)
  Path Group:             (none)
  Path Type:              Max at Slow Process Corner
  Data Path Delay:        18.189ns  (logic 6.277ns (34.513%)  route 11.911ns (65.487%))
  Logic Levels:           10  (CARRY4=2 FDRE=1 LUT2=1 LUT3=1 LUT5=2 LUT6=1 MUXF7=1 OBUF=1)

    Location             Delay type                Incr(ns)  Path(ns)    Netlist Resource(s)
  -------------------------------------------------------------------    -------------------
    SLICE_X42Y18         FDRE                         0.000     0.000 r  u_cpu/u_dp/ir_reg[8]/C
    SLICE_X42Y18         FDRE (Prop_fdre_C_Q)         0.518     0.518 r  u_cpu/u_dp/ir_reg[8]/Q
                         net (fo=32, routed)          2.574     3.092    u_cpu/u_dp/rf/mar_reg[0]_rep__2[8]
    SLICE_X38Y16         MUXF7 (Prop_muxf7_S_O)       0.292     3.384 f  u_cpu/u_dp/rf/i__carry__1_i_12/O
                         net (fo=5, routed)           1.554     4.938    u_cpu/u_dp/rf/i__carry__1_i_12_n_0
    SLICE_X34Y22         LUT3 (Prop_lut3_I2_O)        0.323     5.261 r  u_cpu/u_dp/rf/i__carry__1_i_20/O
                         net (fo=9, routed)           1.367     6.628    u_cpu/u_dp/rf/led_OBUF[8]_inst_i_10_n_0
    SLICE_X30Y22         LUT2 (Prop_lut2_I1_O)        0.328     6.956 r  u_cpu/u_dp/rf/i__carry__1_i_8__0/O
                         net (fo=1, routed)           0.000     6.956    u_cpu/u_dp/alu0/led_OBUF[8]_inst_i_6_0[0]
    SLICE_X30Y22         CARRY4 (Prop_carry4_S[0]_CO[3])
                                                      0.513     7.469 r  u_cpu/u_dp/alu0/y0_inferred__5/i__carry__1/CO[3]
                         net (fo=1, routed)           0.000     7.469    u_cpu/u_dp/alu0/y0_inferred__5/i__carry__1_n_0
    SLICE_X30Y23         CARRY4 (Prop_carry4_CI_O[2])
                                                      0.239     7.708 r  u_cpu/u_dp/alu0/y0_inferred__5/i__carry__2/O[2]
                         net (fo=2, routed)           0.993     8.701    u_cpu/u_dp/rf/led_OBUF[15]_inst_i_2_0[13]
    SLICE_X33Y25         LUT5 (Prop_lut5_I0_O)        0.301     9.002 r  u_cpu/u_dp/rf/led_OBUF[14]_inst_i_3/O
                         net (fo=1, routed)           0.469     9.471    u_cpu/u_dp/rf/led_OBUF[14]_inst_i_3_n_0
    SLICE_X33Y25         LUT6 (Prop_lut6_I0_O)        0.124     9.595 r  u_cpu/u_dp/rf/led_OBUF[14]_inst_i_2/O
                         net (fo=6, routed)           1.513    11.109    u_cpu/u_dp/rf/dbg_alu_y[14]
    SLICE_X46Y25         LUT5 (Prop_lut5_I2_O)        0.124    11.233 r  u_cpu/u_dp/rf/led_OBUF[14]_inst_i_1/O
                         net (fo=1, routed)           3.441    14.673    led_OBUF[14]
    P1                   OBUF (Prop_obuf_I_O)         3.515    18.189 r  led_OBUF[14]_inst/O
                         net (fo=0)                   0.000    18.189    led[14]
    P1                                                                r  led[14] (OUT)
  -------------------------------------------------------------------    -------------------

Slack:                    inf
  Source:                 u_cpu/u_dp/ir_reg[8]/C
                            (rising edge-triggered cell FDRE)
  Destination:            led[12]
                            (output port)
  Path Group:             (none)
  Path Type:              Max at Slow Process Corner
  Data Path Delay:        18.023ns  (logic 6.254ns (34.700%)  route 11.769ns (65.300%))
  Logic Levels:           10  (CARRY4=2 FDRE=1 LUT2=1 LUT3=1 LUT5=1 LUT6=2 MUXF7=1 OBUF=1)

    Location             Delay type                Incr(ns)  Path(ns)    Netlist Resource(s)
  -------------------------------------------------------------------    -------------------
    SLICE_X42Y18         FDRE                         0.000     0.000 r  u_cpu/u_dp/ir_reg[8]/C
    SLICE_X42Y18         FDRE (Prop_fdre_C_Q)         0.518     0.518 r  u_cpu/u_dp/ir_reg[8]/Q
                         net (fo=32, routed)          2.574     3.092    u_cpu/u_dp/rf/mar_reg[0]_rep__2[8]
    SLICE_X38Y16         MUXF7 (Prop_muxf7_S_O)       0.292     3.384 f  u_cpu/u_dp/rf/i__carry__1_i_12/O
                         net (fo=5, routed)           1.554     4.938    u_cpu/u_dp/rf/i__carry__1_i_12_n_0
    SLICE_X34Y22         LUT3 (Prop_lut3_I2_O)        0.323     5.261 r  u_cpu/u_dp/rf/i__carry__1_i_20/O
                         net (fo=9, routed)           1.367     6.628    u_cpu/u_dp/rf/led_OBUF[8]_inst_i_10_n_0
    SLICE_X30Y22         LUT2 (Prop_lut2_I1_O)        0.328     6.956 r  u_cpu/u_dp/rf/i__carry__1_i_8__0/O
                         net (fo=1, routed)           0.000     6.956    u_cpu/u_dp/alu0/led_OBUF[8]_inst_i_6_0[0]
    SLICE_X30Y22         CARRY4 (Prop_carry4_S[0]_CO[3])
                                                      0.513     7.469 r  u_cpu/u_dp/alu0/y0_inferred__5/i__carry__1/CO[3]
                         net (fo=1, routed)           0.000     7.469    u_cpu/u_dp/alu0/y0_inferred__5/i__carry__1_n_0
    SLICE_X30Y23         CARRY4 (Prop_carry4_CI_O[0])
                                                      0.219     7.688 r  u_cpu/u_dp/alu0/y0_inferred__5/i__carry__2/O[0]
                         net (fo=2, routed)           0.960     8.648    u_cpu/u_dp/rf/led_OBUF[15]_inst_i_2_0[11]
    SLICE_X34Y24         LUT6 (Prop_lut6_I3_O)        0.295     8.943 r  u_cpu/u_dp/rf/led_OBUF[12]_inst_i_6/O
                         net (fo=1, routed)           0.452     9.395    u_cpu/u_dp/rf/led_OBUF[12]_inst_i_6_n_0
    SLICE_X34Y24         LUT6 (Prop_lut6_I4_O)        0.124     9.519 r  u_cpu/u_dp/rf/led_OBUF[12]_inst_i_2/O
                         net (fo=6, routed)           1.097    10.615    u_cpu/u_dp/rf/dbg_alu_y[12]
    SLICE_X45Y25         LUT5 (Prop_lut5_I2_O)        0.124    10.739 r  u_cpu/u_dp/rf/led_OBUF[12]_inst_i_1/O
                         net (fo=1, routed)           3.766    14.505    led_OBUF[12]
    P3                   OBUF (Prop_obuf_I_O)         3.518    18.023 r  led_OBUF[12]_inst/O
                         net (fo=0)                   0.000    18.023    led[12]
    P3                                                                r  led[12] (OUT)
  -------------------------------------------------------------------    -------------------

Slack:                    inf
  Source:                 u_cpu/u_dp/ir_reg[8]/C
                            (rising edge-triggered cell FDRE)
  Destination:            led[10]
                            (output port)
  Path Group:             (none)
  Path Type:              Max at Slow Process Corner
  Data Path Delay:        17.437ns  (logic 6.079ns (34.866%)  route 11.357ns (65.134%))
  Logic Levels:           9  (CARRY4=1 FDRE=1 LUT2=1 LUT3=1 LUT5=2 LUT6=1 MUXF7=1 OBUF=1)

    Location             Delay type                Incr(ns)  Path(ns)    Netlist Resource(s)
  -------------------------------------------------------------------    -------------------
    SLICE_X42Y18         FDRE                         0.000     0.000 r  u_cpu/u_dp/ir_reg[8]/C
    SLICE_X42Y18         FDRE (Prop_fdre_C_Q)         0.518     0.518 r  u_cpu/u_dp/ir_reg[8]/Q
                         net (fo=32, routed)          2.574     3.092    u_cpu/u_dp/rf/mar_reg[0]_rep__2[8]
    SLICE_X38Y16         MUXF7 (Prop_muxf7_S_O)       0.292     3.384 f  u_cpu/u_dp/rf/i__carry__1_i_12/O
                         net (fo=5, routed)           1.554     4.938    u_cpu/u_dp/rf/i__carry__1_i_12_n_0
    SLICE_X34Y22         LUT3 (Prop_lut3_I2_O)        0.323     5.261 r  u_cpu/u_dp/rf/i__carry__1_i_20/O
                         net (fo=9, routed)           1.367     6.628    u_cpu/u_dp/rf/led_OBUF[8]_inst_i_10_n_0
    SLICE_X30Y22         LUT2 (Prop_lut2_I1_O)        0.328     6.956 r  u_cpu/u_dp/rf/i__carry__1_i_8__0/O
                         net (fo=1, routed)           0.000     6.956    u_cpu/u_dp/alu0/led_OBUF[8]_inst_i_6_0[0]
    SLICE_X30Y22         CARRY4 (Prop_carry4_S[0]_O[2])
                                                      0.544     7.500 r  u_cpu/u_dp/alu0/y0_inferred__5/i__carry__1/O[2]
                         net (fo=2, routed)           0.962     8.462    u_cpu/u_dp/rf/led_OBUF[15]_inst_i_2_0[9]
    SLICE_X34Y23         LUT5 (Prop_lut5_I0_O)        0.301     8.763 r  u_cpu/u_dp/rf/led_OBUF[10]_inst_i_3/O
                         net (fo=1, routed)           0.803     9.566    u_cpu/u_dp/rf/led_OBUF[10]_inst_i_3_n_0
    SLICE_X34Y23         LUT6 (Prop_lut6_I0_O)        0.124     9.690 r  u_cpu/u_dp/rf/led_OBUF[10]_inst_i_2/O
                         net (fo=6, routed)           1.121    10.811    u_cpu/u_dp/rf/dbg_alu_y[10]
    SLICE_X43Y23         LUT5 (Prop_lut5_I2_O)        0.124    10.935 r  u_cpu/u_dp/rf/led_OBUF[10]_inst_i_1/O
                         net (fo=1, routed)           2.976    13.911    led_OBUF[10]
    W3                   OBUF (Prop_obuf_I_O)         3.525    17.437 r  led_OBUF[10]_inst/O
                         net (fo=0)                   0.000    17.437    led[10]
    W3                                                                r  led[10] (OUT)
  -------------------------------------------------------------------    -------------------

Slack:                    inf
  Source:                 u_cpu/u_dp/ir_reg[8]/C
                            (rising edge-triggered cell FDRE)
  Destination:            led[9]
                            (output port)
  Path Group:             (none)
  Path Type:              Max at Slow Process Corner
  Data Path Delay:        17.362ns  (logic 5.950ns (34.271%)  route 11.412ns (65.729%))
  Logic Levels:           9  (CARRY4=1 FDRE=1 LUT2=1 LUT3=1 LUT5=1 LUT6=2 MUXF7=1 OBUF=1)

    Location             Delay type                Incr(ns)  Path(ns)    Netlist Resource(s)
  -------------------------------------------------------------------    -------------------
    SLICE_X42Y18         FDRE                         0.000     0.000 r  u_cpu/u_dp/ir_reg[8]/C
    SLICE_X42Y18         FDRE (Prop_fdre_C_Q)         0.518     0.518 r  u_cpu/u_dp/ir_reg[8]/Q
                         net (fo=32, routed)          2.574     3.092    u_cpu/u_dp/rf/mar_reg[0]_rep__2[8]
    SLICE_X38Y16         MUXF7 (Prop_muxf7_S_O)       0.292     3.384 f  u_cpu/u_dp/rf/i__carry__1_i_12/O
                         net (fo=5, routed)           1.554     4.938    u_cpu/u_dp/rf/i__carry__1_i_12_n_0
    SLICE_X34Y22         LUT3 (Prop_lut3_I2_O)        0.323     5.261 r  u_cpu/u_dp/rf/i__carry__1_i_20/O
                         net (fo=9, routed)           1.367     6.628    u_cpu/u_dp/rf/led_OBUF[8]_inst_i_10_n_0
    SLICE_X30Y22         LUT2 (Prop_lut2_I1_O)        0.328     6.956 r  u_cpu/u_dp/rf/i__carry__1_i_8__0/O
                         net (fo=1, routed)           0.000     6.956    u_cpu/u_dp/alu0/led_OBUF[8]_inst_i_6_0[0]
    SLICE_X30Y22         CARRY4 (Prop_carry4_S[0]_O[1])
                                                      0.427     7.383 r  u_cpu/u_dp/alu0/y0_inferred__5/i__carry__1/O[1]
                         net (fo=2, routed)           0.965     8.348    u_cpu/u_dp/rf/led_OBUF[15]_inst_i_2_0[8]
    SLICE_X28Y22         LUT6 (Prop_lut6_I3_O)        0.306     8.654 r  u_cpu/u_dp/rf/led_OBUF[9]_inst_i_6/O
                         net (fo=1, routed)           0.798     9.452    u_cpu/u_dp/rf/led_OBUF[9]_inst_i_6_n_0
    SLICE_X28Y23         LUT6 (Prop_lut6_I4_O)        0.124     9.576 r  u_cpu/u_dp/rf/led_OBUF[9]_inst_i_2/O
                         net (fo=6, routed)           1.339    10.915    u_cpu/u_dp/rf/dbg_alu_y[9]
    SLICE_X45Y23         LUT5 (Prop_lut5_I2_O)        0.124    11.039 r  u_cpu/u_dp/rf/led_OBUF[9]_inst_i_1/O
                         net (fo=1, routed)           2.815    13.854    led_OBUF[9]
    V3                   OBUF (Prop_obuf_I_O)         3.508    17.362 r  led_OBUF[9]_inst/O
                         net (fo=0)                   0.000    17.362    led[9]
    V3                                                                r  led[9] (OUT)
  -------------------------------------------------------------------    -------------------

Slack:                    inf
  Source:                 u_cpu/u_dp/ir_reg[8]/C
                            (rising edge-triggered cell FDRE)
  Destination:            led[8]
                            (output port)
  Path Group:             (none)
  Path Type:              Max at Slow Process Corner
  Data Path Delay:        16.538ns  (logic 5.760ns (34.830%)  route 10.778ns (65.170%))
  Logic Levels:           9  (CARRY4=1 FDRE=1 LUT2=1 LUT3=1 LUT5=2 LUT6=1 MUXF7=1 OBUF=1)

    Location             Delay type                Incr(ns)  Path(ns)    Netlist Resource(s)
  -------------------------------------------------------------------    -------------------
    SLICE_X42Y18         FDRE                         0.000     0.000 r  u_cpu/u_dp/ir_reg[8]/C
    SLICE_X42Y18         FDRE (Prop_fdre_C_Q)         0.518     0.518 r  u_cpu/u_dp/ir_reg[8]/Q
                         net (fo=32, routed)          2.574     3.092    u_cpu/u_dp/rf/mar_reg[0]_rep__2[8]
    SLICE_X38Y16         MUXF7 (Prop_muxf7_S_O)       0.292     3.384 f  u_cpu/u_dp/rf/i__carry__1_i_12/O
                         net (fo=5, routed)           1.554     4.938    u_cpu/u_dp/rf/i__carry__1_i_12_n_0
    SLICE_X34Y22         LUT3 (Prop_lut3_I2_O)        0.323     5.261 r  u_cpu/u_dp/rf/i__carry__1_i_20/O
                         net (fo=9, routed)           1.367     6.628    u_cpu/u_dp/rf/led_OBUF[8]_inst_i_10_n_0
    SLICE_X30Y22         LUT2 (Prop_lut2_I1_O)        0.328     6.956 r  u_cpu/u_dp/rf/i__carry__1_i_8__0/O
                         net (fo=1, routed)           0.000     6.956    u_cpu/u_dp/alu0/led_OBUF[8]_inst_i_6_0[0]
    SLICE_X30Y22         CARRY4 (Prop_carry4_S[0]_O[0])
                                                      0.252     7.208 r  u_cpu/u_dp/alu0/y0_inferred__5/i__carry__1/O[0]
                         net (fo=2, routed)           0.820     8.028    u_cpu/u_dp/rf/led_OBUF[15]_inst_i_2_0[7]
    SLICE_X28Y22         LUT5 (Prop_lut5_I0_O)        0.295     8.323 r  u_cpu/u_dp/rf/led_OBUF[8]_inst_i_3/O
                         net (fo=1, routed)           0.810     9.133    u_cpu/u_dp/rf/led_OBUF[8]_inst_i_3_n_0
    SLICE_X28Y24         LUT6 (Prop_lut6_I0_O)        0.124     9.257 r  u_cpu/u_dp/rf/led_OBUF[8]_inst_i_2/O
                         net (fo=6, routed)           0.792    10.050    u_cpu/u_dp/rf/dbg_alu_y[8]
    SLICE_X31Y18         LUT5 (Prop_lut5_I2_O)        0.124    10.174 r  u_cpu/u_dp/rf/led_OBUF[8]_inst_i_1/O
                         net (fo=1, routed)           2.860    13.034    led_OBUF[8]
    V13                  OBUF (Prop_obuf_I_O)         3.504    16.538 r  led_OBUF[8]_inst/O
                         net (fo=0)                   0.000    16.538    led[8]
    V13                                                               r  led[8] (OUT)
  -------------------------------------------------------------------    -------------------

Slack:                    inf
  Source:                 u_cpu/u_dp/ir_reg[6]/C
                            (rising edge-triggered cell FDRE)
  Destination:            led[6]
                            (output port)
  Path Group:             (none)
  Path Type:              Max at Slow Process Corner
  Data Path Delay:        16.398ns  (logic 6.310ns (38.480%)  route 10.088ns (61.520%))
  Logic Levels:           10  (CARRY4=2 FDRE=1 LUT3=1 LUT5=2 LUT6=2 MUXF7=1 OBUF=1)

    Location             Delay type                Incr(ns)  Path(ns)    Netlist Resource(s)
  -------------------------------------------------------------------    -------------------
    SLICE_X42Y20         FDRE                         0.000     0.000 r  u_cpu/u_dp/ir_reg[6]/C
    SLICE_X42Y20         FDRE (Prop_fdre_C_Q)         0.518     0.518 r  u_cpu/u_dp/ir_reg[6]/Q
                         net (fo=37, routed)          2.414     2.932    u_cpu/u_dp/rf/mar_reg[0]_rep__2[6]
    SLICE_X31Y17         LUT6 (Prop_lut6_I4_O)        0.124     3.056 f  u_cpu/u_dp/rf/i__carry__0_i_28/O
                         net (fo=1, routed)           0.000     3.056    u_cpu/u_dp/rf/i__carry__0_i_28_n_0
    SLICE_X31Y17         MUXF7 (Prop_muxf7_I1_O)      0.217     3.273 f  u_cpu/u_dp/rf/i__carry__0_i_12/O
                         net (fo=5, routed)           1.355     4.627    u_cpu/u_dp/rf/i__carry__0_i_12_n_0
    SLICE_X34Y20         LUT3 (Prop_lut3_I2_O)        0.328     4.955 r  u_cpu/u_dp/rf/i__carry__0_i_20/O
                         net (fo=9, routed)           1.125     6.080    u_cpu/u_dp/rf/led_OBUF[4]_inst_i_10_n_0
    SLICE_X29Y21         CARRY4 (Prop_carry4_S[3]_CO[3])
                                                      0.732     6.812 r  u_cpu/u_dp/rf/led_OBUF[4]_inst_i_9/CO[3]
                         net (fo=1, routed)           0.000     6.812    u_cpu/u_dp/rf/led_OBUF[4]_inst_i_9_n_0
    SLICE_X29Y22         CARRY4 (Prop_carry4_CI_O[1])
                                                      0.334     7.146 r  u_cpu/u_dp/rf/led_OBUF[8]_inst_i_9/O[1]
                         net (fo=1, routed)           0.640     7.786    u_cpu/u_dp/rf/data7[6]
    SLICE_X28Y21         LUT5 (Prop_lut5_I0_O)        0.303     8.089 r  u_cpu/u_dp/rf/led_OBUF[6]_inst_i_5/O
                         net (fo=1, routed)           0.812     8.901    u_cpu/u_dp/rf/led_OBUF[6]_inst_i_5_n_0
    SLICE_X34Y22         LUT6 (Prop_lut6_I2_O)        0.124     9.025 r  u_cpu/u_dp/rf/led_OBUF[6]_inst_i_2/O
                         net (fo=6, routed)           0.894     9.919    u_cpu/u_dp/rf/dbg_alu_y[6]
    SLICE_X33Y19         LUT5 (Prop_lut5_I2_O)        0.124    10.043 r  u_cpu/u_dp/rf/led_OBUF[6]_inst_i_1/O
                         net (fo=1, routed)           2.849    12.892    led_OBUF[6]
    U14                  OBUF (Prop_obuf_I_O)         3.506    16.398 r  led_OBUF[6]_inst/O
                         net (fo=0)                   0.000    16.398    led[6]
    U14                                                               r  led[6] (OUT)
  -------------------------------------------------------------------    -------------------

Slack:                    inf
  Source:                 u_cpu/u_dp/ir_reg[13]/C
                            (rising edge-triggered cell FDRE)
  Destination:            led[7]
                            (output port)
  Path Group:             (none)
  Path Type:              Max at Slow Process Corner
  Data Path Delay:        16.353ns  (logic 5.718ns (34.964%)  route 10.635ns (65.036%))
  Logic Levels:           11  (CARRY4=2 FDRE=1 LUT2=1 LUT5=3 LUT6=3 OBUF=1)

    Location             Delay type                Incr(ns)  Path(ns)    Netlist Resource(s)
  -------------------------------------------------------------------    -------------------
    SLICE_X40Y26         FDRE                         0.000     0.000 r  u_cpu/u_dp/ir_reg[13]/C
    SLICE_X40Y26         FDRE (Prop_fdre_C_Q)         0.456     0.456 r  u_cpu/u_dp/ir_reg[13]/Q
                         net (fo=59, routed)          1.847     2.303    u_cpu/u_dp/rf/mar_reg[0]_rep__2[13]
    SLICE_X30Y26         LUT6 (Prop_lut6_I1_O)        0.124     2.427 r  u_cpu/u_dp/rf/i__carry_i_42/O
                         net (fo=1, routed)           0.499     2.926    u_cpu/u_dp/rf/i__carry_i_42_n_0
    SLICE_X30Y26         LUT5 (Prop_lut5_I2_O)        0.124     3.050 r  u_cpu/u_dp/rf/i__carry_i_31/O
                         net (fo=16, routed)          1.555     4.605    u_cpu/u_dp/rf/alu_b_sel[0]
    SLICE_X30Y18         LUT5 (Prop_lut5_I4_O)        0.124     4.729 r  u_cpu/u_dp/rf/i__carry_i_17/O
                         net (fo=5, routed)           1.468     6.197    u_cpu/u_dp/rf/alu_b[2]
    SLICE_X32Y20         LUT2 (Prop_lut2_I1_O)        0.124     6.321 r  u_cpu/u_dp/rf/i__carry_i_5/O
                         net (fo=1, routed)           0.000     6.321    u_cpu/u_dp/alu0/led_OBUF[0]_inst_i_6_1[2]
    SLICE_X32Y20         CARRY4 (Prop_carry4_S[2]_CO[3])
                                                      0.398     6.719 r  u_cpu/u_dp/alu0/y0_inferred__6/i__carry/CO[3]
                         net (fo=1, routed)           0.000     6.719    u_cpu/u_dp/alu0/y0_inferred__6/i__carry_n_0
    SLICE_X32Y21         CARRY4 (Prop_carry4_CI_O[3])
                                                      0.313     7.032 r  u_cpu/u_dp/alu0/y0_inferred__6/i__carry__0/O[3]
                         net (fo=1, routed)           0.811     7.843    u_cpu/u_dp/rf/led_OBUF[15]_inst_i_2_1[6]
    SLICE_X35Y21         LUT6 (Prop_lut6_I5_O)        0.306     8.149 r  u_cpu/u_dp/rf/led_OBUF[7]_inst_i_6/O
                         net (fo=1, routed)           0.796     8.945    u_cpu/u_dp/rf/led_OBUF[7]_inst_i_6_n_0
    SLICE_X35Y22         LUT6 (Prop_lut6_I4_O)        0.124     9.069 r  u_cpu/u_dp/rf/led_OBUF[7]_inst_i_2/O
                         net (fo=6, routed)           0.960    10.029    u_cpu/u_dp/rf/dbg_alu_y[7]
    SLICE_X35Y19         LUT5 (Prop_lut5_I2_O)        0.124    10.153 r  u_cpu/u_dp/rf/led_OBUF[7]_inst_i_1/O
                         net (fo=1, routed)           2.699    12.852    led_OBUF[7]
    V14                  OBUF (Prop_obuf_I_O)         3.501    16.353 r  led_OBUF[7]_inst/O
                         net (fo=0)                   0.000    16.353    led[7]
    V14                                                               r  led[7] (OUT)
  -------------------------------------------------------------------    -------------------

Slack:                    inf
  Source:                 u_cpu/u_dp/ir_reg[8]/C
                            (rising edge-triggered cell FDRE)
  Destination:            led[11]
                            (output port)
  Path Group:             (none)
  Path Type:              Max at Slow Process Corner
  Data Path Delay:        16.297ns  (logic 6.128ns (37.601%)  route 10.169ns (62.399%))
  Logic Levels:           9  (CARRY4=1 FDRE=1 LUT2=1 LUT3=1 LUT5=2 LUT6=1 MUXF7=1 OBUF=1)

    Location             Delay type                Incr(ns)  Path(ns)    Netlist Resource(s)
  -------------------------------------------------------------------    -------------------
    SLICE_X42Y18         FDRE                         0.000     0.000 r  u_cpu/u_dp/ir_reg[8]/C
    SLICE_X42Y18         FDRE (Prop_fdre_C_Q)         0.518     0.518 r  u_cpu/u_dp/ir_reg[8]/Q
                         net (fo=32, routed)          2.574     3.092    u_cpu/u_dp/rf/mar_reg[0]_rep__2[8]
    SLICE_X38Y16         MUXF7 (Prop_muxf7_S_O)       0.292     3.384 f  u_cpu/u_dp/rf/i__carry__1_i_12/O
                         net (fo=5, routed)           1.554     4.938    u_cpu/u_dp/rf/i__carry__1_i_12_n_0
    SLICE_X34Y22         LUT3 (Prop_lut3_I2_O)        0.323     5.261 r  u_cpu/u_dp/rf/i__carry__1_i_20/O
                         net (fo=9, routed)           1.367     6.628    u_cpu/u_dp/rf/led_OBUF[8]_inst_i_10_n_0
    SLICE_X30Y22         LUT2 (Prop_lut2_I1_O)        0.328     6.956 r  u_cpu/u_dp/rf/i__carry__1_i_8__0/O
                         net (fo=1, routed)           0.000     6.956    u_cpu/u_dp/alu0/led_OBUF[8]_inst_i_6_0[0]
    SLICE_X30Y22         CARRY4 (Prop_carry4_S[0]_O[3])
                                                      0.608     7.564 r  u_cpu/u_dp/alu0/y0_inferred__5/i__carry__1/O[3]
                         net (fo=2, routed)           0.460     8.024    u_cpu/u_dp/rf/led_OBUF[15]_inst_i_2_0[10]
    SLICE_X32Y24         LUT5 (Prop_lut5_I0_O)        0.307     8.331 r  u_cpu/u_dp/rf/led_OBUF[11]_inst_i_3/O
                         net (fo=1, routed)           0.674     9.006    u_cpu/u_dp/rf/led_OBUF[11]_inst_i_3_n_0
    SLICE_X32Y24         LUT6 (Prop_lut6_I0_O)        0.124     9.130 r  u_cpu/u_dp/rf/led_OBUF[11]_inst_i_2/O
                         net (fo=6, routed)           0.790     9.919    u_cpu/u_dp/rf/dbg_alu_y[11]
    SLICE_X43Y25         LUT5 (Prop_lut5_I2_O)        0.124    10.043 r  u_cpu/u_dp/rf/led_OBUF[11]_inst_i_1/O
                         net (fo=1, routed)           2.749    12.793    led_OBUF[11]
    U3                   OBUF (Prop_obuf_I_O)         3.504    16.297 r  led_OBUF[11]_inst/O
                         net (fo=0)                   0.000    16.297    led[11]
    U3                                                                r  led[11] (OUT)
  -------------------------------------------------------------------    -------------------





Min Delay Paths
--------------------------------------------------------------------------------------
Slack:                    inf
  Source:                 u_cpu/u_ctrl/FSM_onehot_state_reg[6]/C
                            (rising edge-triggered cell FDRE)
  Destination:            u_cpu/u_ctrl/FSM_onehot_state_reg[7]/D
  Path Group:             (none)
  Path Type:              Min at Fast Process Corner
  Data Path Delay:        0.261ns  (logic 0.141ns (54.076%)  route 0.120ns (45.924%))
  Logic Levels:           1  (FDRE=1)

    Location             Delay type                Incr(ns)  Path(ns)    Netlist Resource(s)
  -------------------------------------------------------------------    -------------------
    SLICE_X32Y27         FDRE                         0.000     0.000 r  u_cpu/u_ctrl/FSM_onehot_state_reg[6]/C
    SLICE_X32Y27         FDRE (Prop_fdre_C_Q)         0.141     0.141 r  u_cpu/u_ctrl/FSM_onehot_state_reg[6]/Q
                         net (fo=1, routed)           0.120     0.261    u_cpu/u_ctrl/FSM_onehot_state_reg_n_0_[6]
    SLICE_X32Y27         FDRE                                         r  u_cpu/u_ctrl/FSM_onehot_state_reg[7]/D
  -------------------------------------------------------------------    -------------------

Slack:                    inf
  Source:                 u_cpu/u_ctrl/FSM_onehot_state_reg[9]_rep__2/C
                            (rising edge-triggered cell FDRE)
  Destination:            imem/imem/mem_reg_0_4_cooolgate_en_gate_65_cooolDelFlop/D
  Path Group:             (none)
  Path Type:              Min at Fast Process Corner
  Data Path Delay:        0.285ns  (logic 0.141ns (49.471%)  route 0.144ns (50.529%))
  Logic Levels:           1  (FDRE=1)

    Location             Delay type                Incr(ns)  Path(ns)    Netlist Resource(s)
  -------------------------------------------------------------------    -------------------
    SLICE_X28Y31         FDRE                         0.000     0.000 r  u_cpu/u_ctrl/FSM_onehot_state_reg[9]_rep__2/C
    SLICE_X28Y31         FDRE (Prop_fdre_C_Q)         0.141     0.141 r  u_cpu/u_ctrl/FSM_onehot_state_reg[9]_rep__2/Q
                         net (fo=5, routed)           0.144     0.285    imem/mem_reg_1_3_0[1]
    SLICE_X28Y32         FDCE                                         r  imem/imem/mem_reg_0_4_cooolgate_en_gate_65_cooolDelFlop/D
  -------------------------------------------------------------------    -------------------

Slack:                    inf
  Source:                 u_cpu/u_ctrl/FSM_onehot_state_reg[9]_rep__11/C
                            (rising edge-triggered cell FDRE)
  Destination:            imem/imem/mem_reg_0_15_cooolgate_en_gate_55_cooolDelFlop/D
  Path Group:             (none)
  Path Type:              Min at Fast Process Corner
  Data Path Delay:        0.292ns  (logic 0.141ns (48.362%)  route 0.151ns (51.638%))
  Logic Levels:           1  (FDRE=1)

    Location             Delay type                Incr(ns)  Path(ns)    Netlist Resource(s)
  -------------------------------------------------------------------    -------------------
    SLICE_X48Y24         FDRE                         0.000     0.000 r  u_cpu/u_ctrl/FSM_onehot_state_reg[9]_rep__11/C
    SLICE_X48Y24         FDRE (Prop_fdre_C_Q)         0.141     0.141 r  u_cpu/u_ctrl/FSM_onehot_state_reg[9]_rep__11/Q
                         net (fo=5, routed)           0.151     0.292    imem/we
    SLICE_X48Y23         FDCE                                         r  imem/imem/mem_reg_0_15_cooolgate_en_gate_55_cooolDelFlop/D
  -------------------------------------------------------------------    -------------------

Slack:                    inf
  Source:                 u_cpu/u_dp/mar_reg[1]_rep__2/C
                            (rising edge-triggered cell FDRE)
  Destination:            imem/mem_reg_0_15/ADDRARDADDR[1]
  Path Group:             (none)
  Path Type:              Min at Fast Process Corner
  Data Path Delay:        0.298ns  (logic 0.141ns (47.361%)  route 0.157ns (52.639%))
  Logic Levels:           1  (FDRE=1)

    Location             Delay type                Incr(ns)  Path(ns)    Netlist Resource(s)
  -------------------------------------------------------------------    -------------------
    SLICE_X49Y21         FDRE                         0.000     0.000 r  u_cpu/u_dp/mar_reg[1]_rep__2/C
    SLICE_X49Y21         FDRE (Prop_fdre_C_Q)         0.141     0.141 r  u_cpu/u_dp/mar_reg[1]_rep__2/Q
                         net (fo=2, routed)           0.157     0.298    imem/addr[1]
    RAMB36_X1Y4          RAMB36E1                                     r  imem/mem_reg_0_15/ADDRARDADDR[1]
  -------------------------------------------------------------------    -------------------

Slack:                    inf
  Source:                 u_cpu/u_ctrl/FSM_onehot_state_reg[3]/C
                            (rising edge-triggered cell FDRE)
  Destination:            u_cpu/u_ctrl/FSM_onehot_state_reg[10]/D
  Path Group:             (none)
  Path Type:              Min at Fast Process Corner
  Data Path Delay:        0.307ns  (logic 0.186ns (60.565%)  route 0.121ns (39.435%))
  Logic Levels:           2  (FDRE=1 LUT5=1)

    Location             Delay type                Incr(ns)  Path(ns)    Netlist Resource(s)
  -------------------------------------------------------------------    -------------------
    SLICE_X33Y25         FDRE                         0.000     0.000 r  u_cpu/u_ctrl/FSM_onehot_state_reg[3]/C
    SLICE_X33Y25         FDRE (Prop_fdre_C_Q)         0.141     0.141 r  u_cpu/u_ctrl/FSM_onehot_state_reg[3]/Q
                         net (fo=7, routed)           0.121     0.262    u_cpu/u_dp/r_reg[7][15][1]
    SLICE_X32Y25         LUT5 (Prop_lut5_I0_O)        0.045     0.307 r  u_cpu/u_dp/FSM_onehot_state[10]_i_1/O
                         net (fo=1, routed)           0.000     0.307    u_cpu/u_ctrl/FSM_onehot_state_reg[13]_0[4]
    SLICE_X32Y25         FDRE                                         r  u_cpu/u_ctrl/FSM_onehot_state_reg[10]/D
  -------------------------------------------------------------------    -------------------

Slack:                    inf
  Source:                 u_cpu/u_dp/Z_reg/C
                            (rising edge-triggered cell FDRE)
  Destination:            u_cpu/u_dp/Z_reg/D
  Path Group:             (none)
  Path Type:              Min at Fast Process Corner
  Data Path Delay:        0.309ns  (logic 0.186ns (60.277%)  route 0.123ns (39.723%))
  Logic Levels:           2  (FDRE=1 LUT6=1)

    Location             Delay type                Incr(ns)  Path(ns)    Netlist Resource(s)
  -------------------------------------------------------------------    -------------------
    SLICE_X39Y20         FDRE                         0.000     0.000 r  u_cpu/u_dp/Z_reg/C
    SLICE_X39Y20         FDRE (Prop_fdre_C_Q)         0.141     0.141 r  u_cpu/u_dp/Z_reg/Q
                         net (fo=3, routed)           0.123     0.264    u_cpu/u_dp/rf/dbg_z
    SLICE_X39Y20         LUT6 (Prop_lut6_I5_O)        0.045     0.309 r  u_cpu/u_dp/rf/Z_i_1/O
                         net (fo=1, routed)           0.000     0.309    u_cpu/u_dp/rf_n_1
    SLICE_X39Y20         FDRE                                         r  u_cpu/u_dp/Z_reg/D
  -------------------------------------------------------------------    -------------------

Slack:                    inf
  Source:                 u_cpu/u_ctrl/FSM_onehot_state_reg[3]/C
                            (rising edge-triggered cell FDRE)
  Destination:            u_cpu/u_ctrl/FSM_onehot_state_reg[13]/D
  Path Group:             (none)
  Path Type:              Min at Fast Process Corner
  Data Path Delay:        0.311ns  (logic 0.190ns (61.072%)  route 0.121ns (38.927%))
  Logic Levels:           2  (FDRE=1 LUT5=1)

    Location             Delay type                Incr(ns)  Path(ns)    Netlist Resource(s)
  -------------------------------------------------------------------    -------------------
    SLICE_X33Y25         FDRE                         0.000     0.000 r  u_cpu/u_ctrl/FSM_onehot_state_reg[3]/C
    SLICE_X33Y25         FDRE (Prop_fdre_C_Q)         0.141     0.141 r  u_cpu/u_ctrl/FSM_onehot_state_reg[3]/Q
                         net (fo=7, routed)           0.121     0.262    u_cpu/u_dp/r_reg[7][15][1]
    SLICE_X32Y25         LUT5 (Prop_lut5_I0_O)        0.049     0.311 r  u_cpu/u_dp/FSM_onehot_state[13]_i_1/O
                         net (fo=1, routed)           0.000     0.311    u_cpu/u_ctrl/FSM_onehot_state_reg[13]_0[7]
    SLICE_X32Y25         FDRE                                         r  u_cpu/u_ctrl/FSM_onehot_state_reg[13]/D
  -------------------------------------------------------------------    -------------------

Slack:                    inf
  Source:                 u_cpu/u_ctrl/FSM_onehot_state_reg[0]/C
                            (rising edge-triggered cell FDSE)
  Destination:            u_cpu/u_ctrl/FSM_onehot_state_reg[1]/D
  Path Group:             (none)
  Path Type:              Min at Fast Process Corner
  Data Path Delay:        0.315ns  (logic 0.141ns (44.797%)  route 0.174ns (55.203%))
  Logic Levels:           1  (FDSE=1)

    Location             Delay type                Incr(ns)  Path(ns)    Netlist Resource(s)
  -------------------------------------------------------------------    -------------------
    SLICE_X32Y25         FDSE                         0.000     0.000 r  u_cpu/u_ctrl/FSM_onehot_state_reg[0]/C
    SLICE_X32Y25         FDSE (Prop_fdse_C_Q)         0.141     0.141 r  u_cpu/u_ctrl/FSM_onehot_state_reg[0]/Q
                         net (fo=2, routed)           0.174     0.315    u_cpu/u_ctrl/FSM_onehot_state_reg_n_0_[0]
    SLICE_X30Y27         FDRE                                         r  u_cpu/u_ctrl/FSM_onehot_state_reg[1]/D
  -------------------------------------------------------------------    -------------------

Slack:                    inf
  Source:                 u_cpu/u_ctrl/FSM_onehot_state_reg[1]/C
                            (rising edge-triggered cell FDRE)
  Destination:            u_cpu/u_ctrl/FSM_onehot_state_reg[2]/D
  Path Group:             (none)
  Path Type:              Min at Fast Process Corner
  Data Path Delay:        0.334ns  (logic 0.164ns (49.062%)  route 0.170ns (50.938%))
  Logic Levels:           1  (FDRE=1)

    Location             Delay type                Incr(ns)  Path(ns)    Netlist Resource(s)
  -------------------------------------------------------------------    -------------------
    SLICE_X30Y27         FDRE                         0.000     0.000 r  u_cpu/u_ctrl/FSM_onehot_state_reg[1]/C
    SLICE_X30Y27         FDRE (Prop_fdre_C_Q)         0.164     0.164 r  u_cpu/u_ctrl/FSM_onehot_state_reg[1]/Q
                         net (fo=1, routed)           0.170     0.334    u_cpu/u_ctrl/FSM_onehot_state_reg_n_0_[1]
    SLICE_X30Y27         FDRE                                         r  u_cpu/u_ctrl/FSM_onehot_state_reg[2]/D
  -------------------------------------------------------------------    -------------------

Slack:                    inf
  Source:                 u_cpu/u_ctrl/FSM_onehot_state_reg[9]_rep__10/C
                            (rising edge-triggered cell FDRE)
  Destination:            imem/mem_reg_0_14/WEA[0]
  Path Group:             (none)
  Path Type:              Min at Fast Process Corner
  Data Path Delay:        0.336ns  (logic 0.141ns (41.950%)  route 0.195ns (58.050%))
  Logic Levels:           1  (FDRE=1)

    Location             Delay type                Incr(ns)  Path(ns)    Netlist Resource(s)
  -------------------------------------------------------------------    -------------------
    SLICE_X48Y31         FDRE                         0.000     0.000 r  u_cpu/u_ctrl/FSM_onehot_state_reg[9]_rep__10/C
    SLICE_X48Y31         FDRE (Prop_fdre_C_Q)         0.141     0.141 r  u_cpu/u_ctrl/FSM_onehot_state_reg[9]_rep__10/Q
                         net (fo=5, routed)           0.195     0.336    imem/mem_reg_1_13_0[1]
    RAMB36_X1Y6          RAMB36E1                                     r  imem/mem_reg_0_14/WEA[0]
  -------------------------------------------------------------------    -------------------





--------------------------------------------------------------------------------------
Path Group:  (none)
From Clock:  sys_clk_pin
  To Clock:  

Max Delay           271 Endpoints
Min Delay           271 Endpoints
--------------------------------------------------------------------------------------


Max Delay Paths
--------------------------------------------------------------------------------------
Slack:                    inf
  Source:                 db_rst/stable_reg/C
                            (rising edge-triggered cell FDRE clocked by sys_clk_pin  {rise@0.000ns fall@5.000ns period=10.000ns})
  Destination:            u_cpu/u_ctrl/FSM_onehot_state_reg[9]_rep__10/R
  Path Group:             (none)
  Path Type:              Max at Slow Process Corner
  Data Path Delay:        6.459ns  (logic 0.456ns (7.060%)  route 6.003ns (92.940%))
  Logic Levels:           0  
  Clock Uncertainty:      0.025ns  ((TSJ^2 + TIJ^2)^1/2 + DJ) / 2 + PE
    Total System Jitter     (TSJ):    0.050ns
    Total Input Jitter      (TIJ):    0.000ns
    Discrete Jitter          (DJ):    0.000ns
    Phase Error              (PE):    0.000ns

    Location             Delay type                Incr(ns)  Path(ns)    Netlist Resource(s)
  -------------------------------------------------------------------    -------------------
                         (clock sys_clk_pin rise edge)
                                                      0.000     0.000 r  
    W5                                                0.000     0.000 r  clk (IN)
                         net (fo=0)                   0.000     0.000    clk
    W5                   IBUF (Prop_ibuf_I_O)         1.458     1.458 r  clk_IBUF_inst/O
                         net (fo=1, routed)           1.967     3.425    clk_IBUF
    BUFGCTRL_X0Y1        BUFG (Prop_bufg_I_O)         0.096     3.521 r  clk_IBUF_BUFG_inst/O
                         net (fo=44, routed)          1.563     5.084    db_rst/CLK
    SLICE_X36Y40         FDRE                                         r  db_rst/stable_reg/C
  -------------------------------------------------------------------    -------------------
    SLICE_X36Y40         FDRE (Prop_fdre_C_Q)         0.456     5.540 r  db_rst/stable_reg/Q
                         net (fo=275, routed)         6.003    11.543    u_cpu/u_ctrl/rst_clean
    SLICE_X48Y31         FDRE                                         r  u_cpu/u_ctrl/FSM_onehot_state_reg[9]_rep__10/R
  -------------------------------------------------------------------    -------------------

Slack:                    inf
  Source:                 db_rst/stable_reg/C
                            (rising edge-triggered cell FDRE clocked by sys_clk_pin  {rise@0.000ns fall@5.000ns period=10.000ns})
  Destination:            u_cpu/u_ctrl/FSM_onehot_state_reg[9]_rep__7/R
  Path Group:             (none)
  Path Type:              Max at Slow Process Corner
  Data Path Delay:        6.459ns  (logic 0.456ns (7.060%)  route 6.003ns (92.940%))
  Logic Levels:           0  
  Clock Uncertainty:      0.025ns  ((TSJ^2 + TIJ^2)^1/2 + DJ) / 2 + PE
    Total System Jitter     (TSJ):    0.050ns
    Total Input Jitter      (TIJ):    0.000ns
    Discrete Jitter          (DJ):    0.000ns
    Phase Error              (PE):    0.000ns

    Location             Delay type                Incr(ns)  Path(ns)    Netlist Resource(s)
  -------------------------------------------------------------------    -------------------
                         (clock sys_clk_pin rise edge)
                                                      0.000     0.000 r  
    W5                                                0.000     0.000 r  clk (IN)
                         net (fo=0)                   0.000     0.000    clk
    W5                   IBUF (Prop_ibuf_I_O)         1.458     1.458 r  clk_IBUF_inst/O
                         net (fo=1, routed)           1.967     3.425    clk_IBUF
    BUFGCTRL_X0Y1        BUFG (Prop_bufg_I_O)         0.096     3.521 r  clk_IBUF_BUFG_inst/O
                         net (fo=44, routed)          1.563     5.084    db_rst/CLK
    SLICE_X36Y40         FDRE                                         r  db_rst/stable_reg/C
  -------------------------------------------------------------------    -------------------
    SLICE_X36Y40         FDRE (Prop_fdre_C_Q)         0.456     5.540 r  db_rst/stable_reg/Q
                         net (fo=275, routed)         6.003    11.543    u_cpu/u_ctrl/rst_clean
    SLICE_X48Y31         FDRE                                         r  u_cpu/u_ctrl/FSM_onehot_state_reg[9]_rep__7/R
  -------------------------------------------------------------------    -------------------

Slack:                    inf
  Source:                 db_rst/stable_reg/C
                            (rising edge-triggered cell FDRE clocked by sys_clk_pin  {rise@0.000ns fall@5.000ns period=10.000ns})
  Destination:            u_cpu/u_ctrl/FSM_onehot_state_reg[9]_rep__8/R
  Path Group:             (none)
  Path Type:              Max at Slow Process Corner
  Data Path Delay:        6.459ns  (logic 0.456ns (7.060%)  route 6.003ns (92.940%))
  Logic Levels:           0  
  Clock Uncertainty:      0.025ns  ((TSJ^2 + TIJ^2)^1/2 + DJ) / 2 + PE
    Total System Jitter     (TSJ):    0.050ns
    Total Input Jitter      (TIJ):    0.000ns
    Discrete Jitter          (DJ):    0.000ns
    Phase Error              (PE):    0.000ns

    Location             Delay type                Incr(ns)  Path(ns)    Netlist Resource(s)
  -------------------------------------------------------------------    -------------------
                         (clock sys_clk_pin rise edge)
                                                      0.000     0.000 r  
    W5                                                0.000     0.000 r  clk (IN)
                         net (fo=0)                   0.000     0.000    clk
    W5                   IBUF (Prop_ibuf_I_O)         1.458     1.458 r  clk_IBUF_inst/O
                         net (fo=1, routed)           1.967     3.425    clk_IBUF
    BUFGCTRL_X0Y1        BUFG (Prop_bufg_I_O)         0.096     3.521 r  clk_IBUF_BUFG_inst/O
                         net (fo=44, routed)          1.563     5.084    db_rst/CLK
    SLICE_X36Y40         FDRE                                         r  db_rst/stable_reg/C
  -------------------------------------------------------------------    -------------------
    SLICE_X36Y40         FDRE (Prop_fdre_C_Q)         0.456     5.540 r  db_rst/stable_reg/Q
                         net (fo=275, routed)         6.003    11.543    u_cpu/u_ctrl/rst_clean
    SLICE_X48Y31         FDRE                                         r  u_cpu/u_ctrl/FSM_onehot_state_reg[9]_rep__8/R
  -------------------------------------------------------------------    -------------------

Slack:                    inf
  Source:                 db_rst/stable_reg/C
                            (rising edge-triggered cell FDRE clocked by sys_clk_pin  {rise@0.000ns fall@5.000ns period=10.000ns})
  Destination:            u_cpu/u_ctrl/FSM_onehot_state_reg[9]_rep__6/R
  Path Group:             (none)
  Path Type:              Max at Slow Process Corner
  Data Path Delay:        6.455ns  (logic 0.456ns (7.065%)  route 5.999ns (92.935%))
  Logic Levels:           0  
  Clock Uncertainty:      0.025ns  ((TSJ^2 + TIJ^2)^1/2 + DJ) / 2 + PE
    Total System Jitter     (TSJ):    0.050ns
    Total Input Jitter      (TIJ):    0.000ns
    Discrete Jitter          (DJ):    0.000ns
    Phase Error              (PE):    0.000ns

    Location             Delay type                Incr(ns)  Path(ns)    Netlist Resource(s)
  -------------------------------------------------------------------    -------------------
                         (clock sys_clk_pin rise edge)
                                                      0.000     0.000 r  
    W5                                                0.000     0.000 r  clk (IN)
                         net (fo=0)                   0.000     0.000    clk
    W5                   IBUF (Prop_ibuf_I_O)         1.458     1.458 r  clk_IBUF_inst/O
                         net (fo=1, routed)           1.967     3.425    clk_IBUF
    BUFGCTRL_X0Y1        BUFG (Prop_bufg_I_O)         0.096     3.521 r  clk_IBUF_BUFG_inst/O
                         net (fo=44, routed)          1.563     5.084    db_rst/CLK
    SLICE_X36Y40         FDRE                                         r  db_rst/stable_reg/C
  -------------------------------------------------------------------    -------------------
    SLICE_X36Y40         FDRE (Prop_fdre_C_Q)         0.456     5.540 r  db_rst/stable_reg/Q
                         net (fo=275, routed)         5.999    11.539    u_cpu/u_ctrl/rst_clean
    SLICE_X49Y31         FDRE                                         r  u_cpu/u_ctrl/FSM_onehot_state_reg[9]_rep__6/R
  -------------------------------------------------------------------    -------------------

Slack:                    inf
  Source:                 db_rst/stable_reg/C
                            (rising edge-triggered cell FDRE clocked by sys_clk_pin  {rise@0.000ns fall@5.000ns period=10.000ns})
  Destination:            u_cpu/u_ctrl/FSM_onehot_state_reg[9]_rep__9/R
  Path Group:             (none)
  Path Type:              Max at Slow Process Corner
  Data Path Delay:        6.168ns  (logic 0.456ns (7.393%)  route 5.712ns (92.607%))
  Logic Levels:           0  
  Clock Uncertainty:      0.025ns  ((TSJ^2 + TIJ^2)^1/2 + DJ) / 2 + PE
    Total System Jitter     (TSJ):    0.050ns
    Total Input Jitter      (TIJ):    0.000ns
    Discrete Jitter          (DJ):    0.000ns
    Phase Error              (PE):    0.000ns

    Location             Delay type                Incr(ns)  Path(ns)    Netlist Resource(s)
  -------------------------------------------------------------------    -------------------
                         (clock sys_clk_pin rise edge)
                                                      0.000     0.000 r  
    W5                                                0.000     0.000 r  clk (IN)
                         net (fo=0)                   0.000     0.000    clk
    W5                   IBUF (Prop_ibuf_I_O)         1.458     1.458 r  clk_IBUF_inst/O
                         net (fo=1, routed)           1.967     3.425    clk_IBUF
    BUFGCTRL_X0Y1        BUFG (Prop_bufg_I_O)         0.096     3.521 r  clk_IBUF_BUFG_inst/O
                         net (fo=44, routed)          1.563     5.084    db_rst/CLK
    SLICE_X36Y40         FDRE                                         r  db_rst/stable_reg/C
  -------------------------------------------------------------------    -------------------
    SLICE_X36Y40         FDRE (Prop_fdre_C_Q)         0.456     5.540 r  db_rst/stable_reg/Q
                         net (fo=275, routed)         5.712    11.252    u_cpu/u_ctrl/rst_clean
    SLICE_X49Y29         FDRE                                         r  u_cpu/u_ctrl/FSM_onehot_state_reg[9]_rep__9/R
  -------------------------------------------------------------------    -------------------

Slack:                    inf
  Source:                 db_rst/stable_reg/C
                            (rising edge-triggered cell FDRE clocked by sys_clk_pin  {rise@0.000ns fall@5.000ns period=10.000ns})
  Destination:            u_cpu/u_dp/mar_reg[14]_rep__0/R
  Path Group:             (none)
  Path Type:              Max at Slow Process Corner
  Data Path Delay:        5.740ns  (logic 0.456ns (7.944%)  route 5.284ns (92.056%))
  Logic Levels:           0  
  Clock Uncertainty:      0.025ns  ((TSJ^2 + TIJ^2)^1/2 + DJ) / 2 + PE
    Total System Jitter     (TSJ):    0.050ns
    Total Input Jitter      (TIJ):    0.000ns
    Discrete Jitter          (DJ):    0.000ns
    Phase Error              (PE):    0.000ns

    Location             Delay type                Incr(ns)  Path(ns)    Netlist Resource(s)
  -------------------------------------------------------------------    -------------------
                         (clock sys_clk_pin rise edge)
                                                      0.000     0.000 r  
    W5                                                0.000     0.000 r  clk (IN)
                         net (fo=0)                   0.000     0.000    clk
    W5                   IBUF (Prop_ibuf_I_O)         1.458     1.458 r  clk_IBUF_inst/O
                         net (fo=1, routed)           1.967     3.425    clk_IBUF
    BUFGCTRL_X0Y1        BUFG (Prop_bufg_I_O)         0.096     3.521 r  clk_IBUF_BUFG_inst/O
                         net (fo=44, routed)          1.563     5.084    db_rst/CLK
    SLICE_X36Y40         FDRE                                         r  db_rst/stable_reg/C
  -------------------------------------------------------------------    -------------------
    SLICE_X36Y40         FDRE (Prop_fdre_C_Q)         0.456     5.540 r  db_rst/stable_reg/Q
                         net (fo=275, routed)         5.284    10.824    u_cpu/u_dp/rst_clean
    SLICE_X48Y25         FDRE                                         r  u_cpu/u_dp/mar_reg[14]_rep__0/R
  -------------------------------------------------------------------    -------------------

Slack:                    inf
  Source:                 db_rst/stable_reg/C
                            (rising edge-triggered cell FDRE clocked by sys_clk_pin  {rise@0.000ns fall@5.000ns period=10.000ns})
  Destination:            u_cpu/u_dp/mar_reg[14]_rep__1/R
  Path Group:             (none)
  Path Type:              Max at Slow Process Corner
  Data Path Delay:        5.740ns  (logic 0.456ns (7.944%)  route 5.284ns (92.056%))
  Logic Levels:           0  
  Clock Uncertainty:      0.025ns  ((TSJ^2 + TIJ^2)^1/2 + DJ) / 2 + PE
    Total System Jitter     (TSJ):    0.050ns
    Total Input Jitter      (TIJ):    0.000ns
    Discrete Jitter          (DJ):    0.000ns
    Phase Error              (PE):    0.000ns

    Location             Delay type                Incr(ns)  Path(ns)    Netlist Resource(s)
  -------------------------------------------------------------------    -------------------
                         (clock sys_clk_pin rise edge)
                                                      0.000     0.000 r  
    W5                                                0.000     0.000 r  clk (IN)
                         net (fo=0)                   0.000     0.000    clk
    W5                   IBUF (Prop_ibuf_I_O)         1.458     1.458 r  clk_IBUF_inst/O
                         net (fo=1, routed)           1.967     3.425    clk_IBUF
    BUFGCTRL_X0Y1        BUFG (Prop_bufg_I_O)         0.096     3.521 r  clk_IBUF_BUFG_inst/O
                         net (fo=44, routed)          1.563     5.084    db_rst/CLK
    SLICE_X36Y40         FDRE                                         r  db_rst/stable_reg/C
  -------------------------------------------------------------------    -------------------
    SLICE_X36Y40         FDRE (Prop_fdre_C_Q)         0.456     5.540 r  db_rst/stable_reg/Q
                         net (fo=275, routed)         5.284    10.824    u_cpu/u_dp/rst_clean
    SLICE_X48Y25         FDRE                                         r  u_cpu/u_dp/mar_reg[14]_rep__1/R
  -------------------------------------------------------------------    -------------------

Slack:                    inf
  Source:                 db_rst/stable_reg/C
                            (rising edge-triggered cell FDRE clocked by sys_clk_pin  {rise@0.000ns fall@5.000ns period=10.000ns})
  Destination:            u_cpu/u_dp/mar_reg[14]_rep__2/R
  Path Group:             (none)
  Path Type:              Max at Slow Process Corner
  Data Path Delay:        5.740ns  (logic 0.456ns (7.944%)  route 5.284ns (92.056%))
  Logic Levels:           0  
  Clock Uncertainty:      0.025ns  ((TSJ^2 + TIJ^2)^1/2 + DJ) / 2 + PE
    Total System Jitter     (TSJ):    0.050ns
    Total Input Jitter      (TIJ):    0.000ns
    Discrete Jitter          (DJ):    0.000ns
    Phase Error              (PE):    0.000ns

    Location             Delay type                Incr(ns)  Path(ns)    Netlist Resource(s)
  -------------------------------------------------------------------    -------------------
                         (clock sys_clk_pin rise edge)
                                                      0.000     0.000 r  
    W5                                                0.000     0.000 r  clk (IN)
                         net (fo=0)                   0.000     0.000    clk
    W5                   IBUF (Prop_ibuf_I_O)         1.458     1.458 r  clk_IBUF_inst/O
                         net (fo=1, routed)           1.967     3.425    clk_IBUF
    BUFGCTRL_X0Y1        BUFG (Prop_bufg_I_O)         0.096     3.521 r  clk_IBUF_BUFG_inst/O
                         net (fo=44, routed)          1.563     5.084    db_rst/CLK
    SLICE_X36Y40         FDRE                                         r  db_rst/stable_reg/C
  -------------------------------------------------------------------    -------------------
    SLICE_X36Y40         FDRE (Prop_fdre_C_Q)         0.456     5.540 r  db_rst/stable_reg/Q
                         net (fo=275, routed)         5.284    10.824    u_cpu/u_dp/rst_clean
    SLICE_X48Y25         FDRE                                         r  u_cpu/u_dp/mar_reg[14]_rep__2/R
  -------------------------------------------------------------------    -------------------

Slack:                    inf
  Source:                 db_rst/stable_reg/C
                            (rising edge-triggered cell FDRE clocked by sys_clk_pin  {rise@0.000ns fall@5.000ns period=10.000ns})
  Destination:            u_cpu/u_ctrl/FSM_onehot_state_reg[9]_rep__11/R
  Path Group:             (none)
  Path Type:              Max at Slow Process Corner
  Data Path Delay:        5.564ns  (logic 0.456ns (8.196%)  route 5.108ns (91.804%))
  Logic Levels:           0  
  Clock Uncertainty:      0.025ns  ((TSJ^2 + TIJ^2)^1/2 + DJ) / 2 + PE
    Total System Jitter     (TSJ):    0.050ns
    Total Input Jitter      (TIJ):    0.000ns
    Discrete Jitter          (DJ):    0.000ns
    Phase Error              (PE):    0.000ns

    Location             Delay type                Incr(ns)  Path(ns)    Netlist Resource(s)
  -------------------------------------------------------------------    -------------------
                         (clock sys_clk_pin rise edge)
                                                      0.000     0.000 r  
    W5                                                0.000     0.000 r  clk (IN)
                         net (fo=0)                   0.000     0.000    clk
    W5                   IBUF (Prop_ibuf_I_O)         1.458     1.458 r  clk_IBUF_inst/O
                         net (fo=1, routed)           1.967     3.425    clk_IBUF
    BUFGCTRL_X0Y1        BUFG (Prop_bufg_I_O)         0.096     3.521 r  clk_IBUF_BUFG_inst/O
                         net (fo=44, routed)          1.563     5.084    db_rst/CLK
    SLICE_X36Y40         FDRE                                         r  db_rst/stable_reg/C
  -------------------------------------------------------------------    -------------------
    SLICE_X36Y40         FDRE (Prop_fdre_C_Q)         0.456     5.540 r  db_rst/stable_reg/Q
                         net (fo=275, routed)         5.108    10.648    u_cpu/u_ctrl/rst_clean
    SLICE_X48Y24         FDRE                                         r  u_cpu/u_ctrl/FSM_onehot_state_reg[9]_rep__11/R
  -------------------------------------------------------------------    -------------------

Slack:                    inf
  Source:                 db_rst/stable_reg/C
                            (rising edge-triggered cell FDRE clocked by sys_clk_pin  {rise@0.000ns fall@5.000ns period=10.000ns})
  Destination:            u_cpu/u_dp/mar_reg[11]_rep__0/R
  Path Group:             (none)
  Path Type:              Max at Slow Process Corner
  Data Path Delay:        5.367ns  (logic 0.456ns (8.496%)  route 4.911ns (91.504%))
  Logic Levels:           0  
  Clock Uncertainty:      0.025ns  ((TSJ^2 + TIJ^2)^1/2 + DJ) / 2 + PE
    Total System Jitter     (TSJ):    0.050ns
    Total Input Jitter      (TIJ):    0.000ns
    Discrete Jitter          (DJ):    0.000ns
    Phase Error              (PE):    0.000ns

    Location             Delay type                Incr(ns)  Path(ns)    Netlist Resource(s)
  -------------------------------------------------------------------    -------------------
                         (clock sys_clk_pin rise edge)
                                                      0.000     0.000 r  
    W5                                                0.000     0.000 r  clk (IN)
                         net (fo=0)                   0.000     0.000    clk
    W5                   IBUF (Prop_ibuf_I_O)         1.458     1.458 r  clk_IBUF_inst/O
                         net (fo=1, routed)           1.967     3.425    clk_IBUF
    BUFGCTRL_X0Y1        BUFG (Prop_bufg_I_O)         0.096     3.521 r  clk_IBUF_BUFG_inst/O
                         net (fo=44, routed)          1.563     5.084    db_rst/CLK
    SLICE_X36Y40         FDRE                                         r  db_rst/stable_reg/C
  -------------------------------------------------------------------    -------------------
    SLICE_X36Y40         FDRE (Prop_fdre_C_Q)         0.456     5.540 r  db_rst/stable_reg/Q
                         net (fo=275, routed)         4.911    10.452    u_cpu/u_dp/rst_clean
    SLICE_X46Y25         FDRE                                         r  u_cpu/u_dp/mar_reg[11]_rep__0/R
  -------------------------------------------------------------------    -------------------





Min Delay Paths
--------------------------------------------------------------------------------------
Slack:                    inf
  Source:                 db_rst/stable_reg/C
                            (rising edge-triggered cell FDRE clocked by sys_clk_pin  {rise@0.000ns fall@5.000ns period=10.000ns})
  Destination:            imem/imem/mem_reg_0_13_cooolgate_en_gate_1_cooolDelFlop/D
  Path Group:             (none)
  Path Type:              Min at Fast Process Corner
  Data Path Delay:        0.444ns  (logic 0.141ns (31.783%)  route 0.303ns (68.217%))
  Logic Levels:           0  
  Clock Uncertainty:      0.025ns  ((TSJ^2 + TIJ^2)^1/2 + DJ) / 2 + PE
    Total System Jitter     (TSJ):    0.050ns
    Total Input Jitter      (TIJ):    0.000ns
    Discrete Jitter          (DJ):    0.000ns
    Phase Error              (PE):    0.000ns

    Location             Delay type                Incr(ns)  Path(ns)    Netlist Resource(s)
  -------------------------------------------------------------------    -------------------
                         (clock sys_clk_pin rise edge)
                                                      0.000     0.000 r  
    W5                                                0.000     0.000 r  clk (IN)
                         net (fo=0)                   0.000     0.000    clk
    W5                   IBUF (Prop_ibuf_I_O)         0.226     0.226 r  clk_IBUF_inst/O
                         net (fo=1, routed)           0.631     0.858    clk_IBUF
    BUFGCTRL_X0Y1        BUFG (Prop_bufg_I_O)         0.026     0.884 r  clk_IBUF_BUFG_inst/O
                         net (fo=44, routed)          0.562     1.445    db_rst/CLK
    SLICE_X36Y40         FDRE                                         r  db_rst/stable_reg/C
  -------------------------------------------------------------------    -------------------
    SLICE_X36Y40         FDRE (Prop_fdre_C_Q)         0.141     1.586 r  db_rst/stable_reg/Q
                         net (fo=275, routed)         0.303     1.889    imem/pwropt
    SLICE_X34Y33         FDCE                                         r  imem/imem/mem_reg_0_13_cooolgate_en_gate_1_cooolDelFlop/D
  -------------------------------------------------------------------    -------------------

Slack:                    inf
  Source:                 db_rst/stable_reg/C
                            (rising edge-triggered cell FDRE clocked by sys_clk_pin  {rise@0.000ns fall@5.000ns period=10.000ns})
  Destination:            u_cpu/u_ctrl/FSM_onehot_state_reg[6]/R
  Path Group:             (none)
  Path Type:              Min at Fast Process Corner
  Data Path Delay:        0.619ns  (logic 0.141ns (22.767%)  route 0.478ns (77.233%))
  Logic Levels:           0  
  Clock Uncertainty:      0.025ns  ((TSJ^2 + TIJ^2)^1/2 + DJ) / 2 + PE
    Total System Jitter     (TSJ):    0.050ns
    Total Input Jitter      (TIJ):    0.000ns
    Discrete Jitter          (DJ):    0.000ns
    Phase Error              (PE):    0.000ns

    Location             Delay type                Incr(ns)  Path(ns)    Netlist Resource(s)
  -------------------------------------------------------------------    -------------------
                         (clock sys_clk_pin rise edge)
                                                      0.000     0.000 r  
    W5                                                0.000     0.000 r  clk (IN)
                         net (fo=0)                   0.000     0.000    clk
    W5                   IBUF (Prop_ibuf_I_O)         0.226     0.226 r  clk_IBUF_inst/O
                         net (fo=1, routed)           0.631     0.858    clk_IBUF
    BUFGCTRL_X0Y1        BUFG (Prop_bufg_I_O)         0.026     0.884 r  clk_IBUF_BUFG_inst/O
                         net (fo=44, routed)          0.562     1.445    db_rst/CLK
    SLICE_X36Y40         FDRE                                         r  db_rst/stable_reg/C
  -------------------------------------------------------------------    -------------------
    SLICE_X36Y40         FDRE (Prop_fdre_C_Q)         0.141     1.586 r  db_rst/stable_reg/Q
                         net (fo=275, routed)         0.478     2.064    u_cpu/u_ctrl/rst_clean
    SLICE_X32Y27         FDRE                                         r  u_cpu/u_ctrl/FSM_onehot_state_reg[6]/R
  -------------------------------------------------------------------    -------------------

Slack:                    inf
  Source:                 db_rst/stable_reg/C
                            (rising edge-triggered cell FDRE clocked by sys_clk_pin  {rise@0.000ns fall@5.000ns period=10.000ns})
  Destination:            u_cpu/u_ctrl/FSM_onehot_state_reg[7]/R
  Path Group:             (none)
  Path Type:              Min at Fast Process Corner
  Data Path Delay:        0.619ns  (logic 0.141ns (22.767%)  route 0.478ns (77.233%))
  Logic Levels:           0  
  Clock Uncertainty:      0.025ns  ((TSJ^2 + TIJ^2)^1/2 + DJ) / 2 + PE
    Total System Jitter     (TSJ):    0.050ns
    Total Input Jitter      (TIJ):    0.000ns
    Discrete Jitter          (DJ):    0.000ns
    Phase Error              (PE):    0.000ns

    Location             Delay type                Incr(ns)  Path(ns)    Netlist Resource(s)
  -------------------------------------------------------------------    -------------------
                         (clock sys_clk_pin rise edge)
                                                      0.000     0.000 r  
    W5                                                0.000     0.000 r  clk (IN)
                         net (fo=0)                   0.000     0.000    clk
    W5                   IBUF (Prop_ibuf_I_O)         0.226     0.226 r  clk_IBUF_inst/O
                         net (fo=1, routed)           0.631     0.858    clk_IBUF
    BUFGCTRL_X0Y1        BUFG (Prop_bufg_I_O)         0.026     0.884 r  clk_IBUF_BUFG_inst/O
                         net (fo=44, routed)          0.562     1.445    db_rst/CLK
    SLICE_X36Y40         FDRE                                         r  db_rst/stable_reg/C
  -------------------------------------------------------------------    -------------------
    SLICE_X36Y40         FDRE (Prop_fdre_C_Q)         0.141     1.586 r  db_rst/stable_reg/Q
                         net (fo=275, routed)         0.478     2.064    u_cpu/u_ctrl/rst_clean
    SLICE_X32Y27         FDRE                                         r  u_cpu/u_ctrl/FSM_onehot_state_reg[7]/R
  -------------------------------------------------------------------    -------------------

Slack:                    inf
  Source:                 db_rst/stable_reg/C
                            (rising edge-triggered cell FDRE clocked by sys_clk_pin  {rise@0.000ns fall@5.000ns period=10.000ns})
  Destination:            u_cpu/u_ctrl/FSM_onehot_state_reg[9]/R
  Path Group:             (none)
  Path Type:              Min at Fast Process Corner
  Data Path Delay:        0.619ns  (logic 0.141ns (22.767%)  route 0.478ns (77.233%))
  Logic Levels:           0  
  Clock Uncertainty:      0.025ns  ((TSJ^2 + TIJ^2)^1/2 + DJ) / 2 + PE
    Total System Jitter     (TSJ):    0.050ns
    Total Input Jitter      (TIJ):    0.000ns
    Discrete Jitter          (DJ):    0.000ns
    Phase Error              (PE):    0.000ns

    Location             Delay type                Incr(ns)  Path(ns)    Netlist Resource(s)
  -------------------------------------------------------------------    -------------------
                         (clock sys_clk_pin rise edge)
                                                      0.000     0.000 r  
    W5                                                0.000     0.000 r  clk (IN)
                         net (fo=0)                   0.000     0.000    clk
    W5                   IBUF (Prop_ibuf_I_O)         0.226     0.226 r  clk_IBUF_inst/O
                         net (fo=1, routed)           0.631     0.858    clk_IBUF
    BUFGCTRL_X0Y1        BUFG (Prop_bufg_I_O)         0.026     0.884 r  clk_IBUF_BUFG_inst/O
                         net (fo=44, routed)          0.562     1.445    db_rst/CLK
    SLICE_X36Y40         FDRE                                         r  db_rst/stable_reg/C
  -------------------------------------------------------------------    -------------------
    SLICE_X36Y40         FDRE (Prop_fdre_C_Q)         0.141     1.586 r  db_rst/stable_reg/Q
                         net (fo=275, routed)         0.478     2.064    u_cpu/u_ctrl/rst_clean
    SLICE_X32Y27         FDRE                                         r  u_cpu/u_ctrl/FSM_onehot_state_reg[9]/R
  -------------------------------------------------------------------    -------------------

Slack:                    inf
  Source:                 db_rst/stable_reg/C
                            (rising edge-triggered cell FDRE clocked by sys_clk_pin  {rise@0.000ns fall@5.000ns period=10.000ns})
  Destination:            u_cpu/u_ctrl/FSM_onehot_state_reg[9]_rep__1/R
  Path Group:             (none)
  Path Type:              Min at Fast Process Corner
  Data Path Delay:        0.682ns  (logic 0.141ns (20.687%)  route 0.541ns (79.313%))
  Logic Levels:           0  
  Clock Uncertainty:      0.025ns  ((TSJ^2 + TIJ^2)^1/2 + DJ) / 2 + PE
    Total System Jitter     (TSJ):    0.050ns
    Total Input Jitter      (TIJ):    0.000ns
    Discrete Jitter          (DJ):    0.000ns
    Phase Error              (PE):    0.000ns

    Location             Delay type                Incr(ns)  Path(ns)    Netlist Resource(s)
  -------------------------------------------------------------------    -------------------
                         (clock sys_clk_pin rise edge)
                                                      0.000     0.000 r  
    W5                                                0.000     0.000 r  clk (IN)
                         net (fo=0)                   0.000     0.000    clk
    W5                   IBUF (Prop_ibuf_I_O)         0.226     0.226 r  clk_IBUF_inst/O
                         net (fo=1, routed)           0.631     0.858    clk_IBUF
    BUFGCTRL_X0Y1        BUFG (Prop_bufg_I_O)         0.026     0.884 r  clk_IBUF_BUFG_inst/O
                         net (fo=44, routed)          0.562     1.445    db_rst/CLK
    SLICE_X36Y40         FDRE                                         r  db_rst/stable_reg/C
  -------------------------------------------------------------------    -------------------
    SLICE_X36Y40         FDRE (Prop_fdre_C_Q)         0.141     1.586 r  db_rst/stable_reg/Q
                         net (fo=275, routed)         0.541     2.127    u_cpu/u_ctrl/rst_clean
    SLICE_X28Y27         FDRE                                         r  u_cpu/u_ctrl/FSM_onehot_state_reg[9]_rep__1/R
  -------------------------------------------------------------------    -------------------

Slack:                    inf
  Source:                 db_rst/stable_reg/C
                            (rising edge-triggered cell FDRE clocked by sys_clk_pin  {rise@0.000ns fall@5.000ns period=10.000ns})
  Destination:            u_cpu/u_ctrl/FSM_onehot_state_reg[9]_rep__2/R
  Path Group:             (none)
  Path Type:              Min at Fast Process Corner
  Data Path Delay:        0.741ns  (logic 0.141ns (19.037%)  route 0.600ns (80.963%))
  Logic Levels:           0  
  Clock Uncertainty:      0.025ns  ((TSJ^2 + TIJ^2)^1/2 + DJ) / 2 + PE
    Total System Jitter     (TSJ):    0.050ns
    Total Input Jitter      (TIJ):    0.000ns
    Discrete Jitter          (DJ):    0.000ns
    Phase Error              (PE):    0.000ns

    Location             Delay type                Incr(ns)  Path(ns)    Netlist Resource(s)
  -------------------------------------------------------------------    -------------------
                         (clock sys_clk_pin rise edge)
                                                      0.000     0.000 r  
    W5                                                0.000     0.000 r  clk (IN)
                         net (fo=0)                   0.000     0.000    clk
    W5                   IBUF (Prop_ibuf_I_O)         0.226     0.226 r  clk_IBUF_inst/O
                         net (fo=1, routed)           0.631     0.858    clk_IBUF
    BUFGCTRL_X0Y1        BUFG (Prop_bufg_I_O)         0.026     0.884 r  clk_IBUF_BUFG_inst/O
                         net (fo=44, routed)          0.562     1.445    db_rst/CLK
    SLICE_X36Y40         FDRE                                         r  db_rst/stable_reg/C
  -------------------------------------------------------------------    -------------------
    SLICE_X36Y40         FDRE (Prop_fdre_C_Q)         0.141     1.586 r  db_rst/stable_reg/Q
                         net (fo=275, routed)         0.600     2.186    u_cpu/u_ctrl/rst_clean
    SLICE_X28Y31         FDRE                                         r  u_cpu/u_ctrl/FSM_onehot_state_reg[9]_rep__2/R
  -------------------------------------------------------------------    -------------------

Slack:                    inf
  Source:                 db_rst/stable_reg/C
                            (rising edge-triggered cell FDRE clocked by sys_clk_pin  {rise@0.000ns fall@5.000ns period=10.000ns})
  Destination:            u_cpu/u_ctrl/FSM_onehot_state_reg[12]/R
  Path Group:             (none)
  Path Type:              Min at Fast Process Corner
  Data Path Delay:        0.773ns  (logic 0.141ns (18.247%)  route 0.632ns (81.753%))
  Logic Levels:           0  
  Clock Uncertainty:      0.025ns  ((TSJ^2 + TIJ^2)^1/2 + DJ) / 2 + PE
    Total System Jitter     (TSJ):    0.050ns
    Total Input Jitter      (TIJ):    0.000ns
    Discrete Jitter          (DJ):    0.000ns
    Phase Error              (PE):    0.000ns

    Location             Delay type                Incr(ns)  Path(ns)    Netlist Resource(s)
  -------------------------------------------------------------------    -------------------
                         (clock sys_clk_pin rise edge)
                                                      0.000     0.000 r  
    W5                                                0.000     0.000 r  clk (IN)
                         net (fo=0)                   0.000     0.000    clk
    W5                   IBUF (Prop_ibuf_I_O)         0.226     0.226 r  clk_IBUF_inst/O
                         net (fo=1, routed)           0.631     0.858    clk_IBUF
    BUFGCTRL_X0Y1        BUFG (Prop_bufg_I_O)         0.026     0.884 r  clk_IBUF_BUFG_inst/O
                         net (fo=44, routed)          0.562     1.445    db_rst/CLK
    SLICE_X36Y40         FDRE                                         r  db_rst/stable_reg/C
  -------------------------------------------------------------------    -------------------
    SLICE_X36Y40         FDRE (Prop_fdre_C_Q)         0.141     1.586 r  db_rst/stable_reg/Q
                         net (fo=275, routed)         0.632     2.218    u_cpu/u_ctrl/rst_clean
    SLICE_X32Y26         FDRE                                         r  u_cpu/u_ctrl/FSM_onehot_state_reg[12]/R
  -------------------------------------------------------------------    -------------------

Slack:                    inf
  Source:                 db_rst/stable_reg/C
                            (rising edge-triggered cell FDRE clocked by sys_clk_pin  {rise@0.000ns fall@5.000ns period=10.000ns})
  Destination:            u_cpu/u_ctrl/FSM_onehot_state_reg[5]/R
  Path Group:             (none)
  Path Type:              Min at Fast Process Corner
  Data Path Delay:        0.773ns  (logic 0.141ns (18.247%)  route 0.632ns (81.753%))
  Logic Levels:           0  
  Clock Uncertainty:      0.025ns  ((TSJ^2 + TIJ^2)^1/2 + DJ) / 2 + PE
    Total System Jitter     (TSJ):    0.050ns
    Total Input Jitter      (TIJ):    0.000ns
    Discrete Jitter          (DJ):    0.000ns
    Phase Error              (PE):    0.000ns

    Location             Delay type                Incr(ns)  Path(ns)    Netlist Resource(s)
  -------------------------------------------------------------------    -------------------
                         (clock sys_clk_pin rise edge)
                                                      0.000     0.000 r  
    W5                                                0.000     0.000 r  clk (IN)
                         net (fo=0)                   0.000     0.000    clk
    W5                   IBUF (Prop_ibuf_I_O)         0.226     0.226 r  clk_IBUF_inst/O
                         net (fo=1, routed)           0.631     0.858    clk_IBUF
    BUFGCTRL_X0Y1        BUFG (Prop_bufg_I_O)         0.026     0.884 r  clk_IBUF_BUFG_inst/O
                         net (fo=44, routed)          0.562     1.445    db_rst/CLK
    SLICE_X36Y40         FDRE                                         r  db_rst/stable_reg/C
  -------------------------------------------------------------------    -------------------
    SLICE_X36Y40         FDRE (Prop_fdre_C_Q)         0.141     1.586 r  db_rst/stable_reg/Q
                         net (fo=275, routed)         0.632     2.218    u_cpu/u_ctrl/rst_clean
    SLICE_X32Y26         FDRE                                         r  u_cpu/u_ctrl/FSM_onehot_state_reg[5]/R
  -------------------------------------------------------------------    -------------------

Slack:                    inf
  Source:                 db_rst/stable_reg/C
                            (rising edge-triggered cell FDRE clocked by sys_clk_pin  {rise@0.000ns fall@5.000ns period=10.000ns})
  Destination:            u_cpu/u_ctrl/FSM_onehot_state_reg[3]/R
  Path Group:             (none)
  Path Type:              Min at Fast Process Corner
  Data Path Delay:        0.773ns  (logic 0.141ns (18.243%)  route 0.632ns (81.757%))
  Logic Levels:           0  
  Clock Uncertainty:      0.025ns  ((TSJ^2 + TIJ^2)^1/2 + DJ) / 2 + PE
    Total System Jitter     (TSJ):    0.050ns
    Total Input Jitter      (TIJ):    0.000ns
    Discrete Jitter          (DJ):    0.000ns
    Phase Error              (PE):    0.000ns

    Location             Delay type                Incr(ns)  Path(ns)    Netlist Resource(s)
  -------------------------------------------------------------------    -------------------
                         (clock sys_clk_pin rise edge)
                                                      0.000     0.000 r  
    W5                                                0.000     0.000 r  clk (IN)
                         net (fo=0)                   0.000     0.000    clk
    W5                   IBUF (Prop_ibuf_I_O)         0.226     0.226 r  clk_IBUF_inst/O
                         net (fo=1, routed)           0.631     0.858    clk_IBUF
    BUFGCTRL_X0Y1        BUFG (Prop_bufg_I_O)         0.026     0.884 r  clk_IBUF_BUFG_inst/O
                         net (fo=44, routed)          0.562     1.445    db_rst/CLK
    SLICE_X36Y40         FDRE                                         r  db_rst/stable_reg/C
  -------------------------------------------------------------------    -------------------
    SLICE_X36Y40         FDRE (Prop_fdre_C_Q)         0.141     1.586 r  db_rst/stable_reg/Q
                         net (fo=275, routed)         0.632     2.218    u_cpu/u_ctrl/rst_clean
    SLICE_X33Y25         FDRE                                         r  u_cpu/u_ctrl/FSM_onehot_state_reg[3]/R
  -------------------------------------------------------------------    -------------------

Slack:                    inf
  Source:                 db_rst/stable_reg/C
                            (rising edge-triggered cell FDRE clocked by sys_clk_pin  {rise@0.000ns fall@5.000ns period=10.000ns})
  Destination:            u_cpu/u_ctrl/FSM_onehot_state_reg[0]/S
  Path Group:             (none)
  Path Type:              Min at Fast Process Corner
  Data Path Delay:        0.777ns  (logic 0.141ns (18.141%)  route 0.636ns (81.859%))
  Logic Levels:           0  
  Clock Uncertainty:      0.025ns  ((TSJ^2 + TIJ^2)^1/2 + DJ) / 2 + PE
    Total System Jitter     (TSJ):    0.050ns
    Total Input Jitter      (TIJ):    0.000ns
    Discrete Jitter          (DJ):    0.000ns
    Phase Error              (PE):    0.000ns

    Location             Delay type                Incr(ns)  Path(ns)    Netlist Resource(s)
  -------------------------------------------------------------------    -------------------
                         (clock sys_clk_pin rise edge)
                                                      0.000     0.000 r  
    W5                                                0.000     0.000 r  clk (IN)
                         net (fo=0)                   0.000     0.000    clk
    W5                   IBUF (Prop_ibuf_I_O)         0.226     0.226 r  clk_IBUF_inst/O
                         net (fo=1, routed)           0.631     0.858    clk_IBUF
    BUFGCTRL_X0Y1        BUFG (Prop_bufg_I_O)         0.026     0.884 r  clk_IBUF_BUFG_inst/O
                         net (fo=44, routed)          0.562     1.445    db_rst/CLK
    SLICE_X36Y40         FDRE                                         r  db_rst/stable_reg/C
  -------------------------------------------------------------------    -------------------
    SLICE_X36Y40         FDRE (Prop_fdre_C_Q)         0.141     1.586 r  db_rst/stable_reg/Q
                         net (fo=275, routed)         0.636     2.222    u_cpu/u_ctrl/rst_clean
    SLICE_X32Y25         FDSE                                         r  u_cpu/u_ctrl/FSM_onehot_state_reg[0]/S
  -------------------------------------------------------------------    -------------------





--------------------------------------------------------------------------------------
Path Group:  (none)
From Clock:  
  To Clock:  sys_clk_pin

Max Delay             2 Endpoints
Min Delay             2 Endpoints
--------------------------------------------------------------------------------------


Max Delay Paths
--------------------------------------------------------------------------------------
Slack:                    inf
  Source:                 btn_step
                            (input port)
  Destination:            db_step/sync_reg[0]/D
                            (rising edge-triggered cell FDRE clocked by sys_clk_pin  {rise@0.000ns fall@5.000ns period=10.000ns})
  Path Group:             (none)
  Path Type:              Setup (Max at Slow Process Corner)
  Data Path Delay:        3.778ns  (logic 1.454ns (38.480%)  route 2.324ns (61.520%))
  Logic Levels:           1  (IBUF=1)
  Clock Path Skew:        4.783ns (DCD - SCD + CPR)
    Destination Clock Delay (DCD):    4.783ns
    Source Clock Delay      (SCD):    0.000ns
    Clock Pessimism Removal (CPR):    0.000ns
  Clock Uncertainty:      0.025ns  ((TSJ^2 + TIJ^2)^1/2 + DJ) / 2 + PE
    Total System Jitter     (TSJ):    0.050ns
    Total Input Jitter      (TIJ):    0.000ns
    Discrete Jitter          (DJ):    0.000ns
    Phase Error              (PE):    0.000ns

    Location             Delay type                Incr(ns)  Path(ns)    Netlist Resource(s)
  -------------------------------------------------------------------    -------------------
    T18                                               0.000     0.000 r  btn_step (IN)
                         net (fo=0)                   0.000     0.000    btn_step
    T18                  IBUF (Prop_ibuf_I_O)         1.454     1.454 r  btn_step_IBUF_inst/O
                         net (fo=1, routed)           2.324     3.778    db_step/D[0]
    SLICE_X34Y39         FDRE                                         r  db_step/sync_reg[0]/D
  -------------------------------------------------------------------    -------------------

                         (clock sys_clk_pin rise edge)
                                                      0.000     0.000 r  
    W5                                                0.000     0.000 r  clk (IN)
                         net (fo=0)                   0.000     0.000    clk
    W5                   IBUF (Prop_ibuf_I_O)         1.388     1.388 r  clk_IBUF_inst/O
                         net (fo=1, routed)           1.862     3.250    clk_IBUF
    BUFGCTRL_X0Y1        BUFG (Prop_bufg_I_O)         0.091     3.341 r  clk_IBUF_BUFG_inst/O
                         net (fo=44, routed)          1.442     4.783    db_step/CLK
    SLICE_X34Y39         FDRE                                         r  db_step/sync_reg[0]/C

Slack:                    inf
  Source:                 btn_rst
                            (input port)
  Destination:            db_rst/sync_reg[0]/D
                            (rising edge-triggered cell FDRE clocked by sys_clk_pin  {rise@0.000ns fall@5.000ns period=10.000ns})
  Path Group:             (none)
  Path Type:              Setup (Max at Slow Process Corner)
  Data Path Delay:        3.765ns  (logic 1.441ns (38.276%)  route 2.324ns (61.724%))
  Logic Levels:           1  (IBUF=1)
  Clock Path Skew:        4.781ns (DCD - SCD + CPR)
    Destination Clock Delay (DCD):    4.781ns
    Source Clock Delay      (SCD):    0.000ns
    Clock Pessimism Removal (CPR):    0.000ns
  Clock Uncertainty:      0.025ns  ((TSJ^2 + TIJ^2)^1/2 + DJ) / 2 + PE
    Total System Jitter     (TSJ):    0.050ns
    Total Input Jitter      (TIJ):    0.000ns
    Discrete Jitter          (DJ):    0.000ns
    Phase Error              (PE):    0.000ns

    Location             Delay type                Incr(ns)  Path(ns)    Netlist Resource(s)
  -------------------------------------------------------------------    -------------------
    U18                                               0.000     0.000 r  btn_rst (IN)
                         net (fo=0)                   0.000     0.000    btn_rst
    U18                  IBUF (Prop_ibuf_I_O)         1.441     1.441 r  btn_rst_IBUF_inst/O
                         net (fo=1, routed)           2.324     3.765    db_rst/D[0]
    SLICE_X34Y37         FDRE                                         r  db_rst/sync_reg[0]/D
  -------------------------------------------------------------------    -------------------

                         (clock sys_clk_pin rise edge)
                                                      0.000     0.000 r  
    W5                                                0.000     0.000 r  clk (IN)
                         net (fo=0)                   0.000     0.000    clk
    W5                   IBUF (Prop_ibuf_I_O)         1.388     1.388 r  clk_IBUF_inst/O
                         net (fo=1, routed)           1.862     3.250    clk_IBUF
    BUFGCTRL_X0Y1        BUFG (Prop_bufg_I_O)         0.091     3.341 r  clk_IBUF_BUFG_inst/O
                         net (fo=44, routed)          1.440     4.781    db_rst/CLK
    SLICE_X34Y37         FDRE                                         r  db_rst/sync_reg[0]/C





Min Delay Paths
--------------------------------------------------------------------------------------
Slack:                    inf
  Source:                 btn_rst
                            (input port)
  Destination:            db_rst/sync_reg[0]/D
                            (rising edge-triggered cell FDRE clocked by sys_clk_pin  {rise@0.000ns fall@5.000ns period=10.000ns})
  Path Group:             (none)
  Path Type:              Hold (Min at Fast Process Corner)
  Data Path Delay:        1.290ns  (logic 0.210ns (16.246%)  route 1.080ns (83.754%))
  Logic Levels:           1  (IBUF=1)
  Clock Path Skew:        1.954ns (DCD - SCD - CPR)
    Destination Clock Delay (DCD):    1.954ns
    Source Clock Delay      (SCD):    0.000ns
    Clock Pessimism Removal (CPR):    -0.000ns

    Location             Delay type                Incr(ns)  Path(ns)    Netlist Resource(s)
  -------------------------------------------------------------------    -------------------
    U18                                               0.000     0.000 r  btn_rst (IN)
                         net (fo=0)                   0.000     0.000    btn_rst
    U18                  IBUF (Prop_ibuf_I_O)         0.210     0.210 r  btn_rst_IBUF_inst/O
                         net (fo=1, routed)           1.080     1.290    db_rst/D[0]
    SLICE_X34Y37         FDRE                                         r  db_rst/sync_reg[0]/D
  -------------------------------------------------------------------    -------------------

                         (clock sys_clk_pin rise edge)
                                                      0.000     0.000 r  
    W5                                                0.000     0.000 r  clk (IN)
                         net (fo=0)                   0.000     0.000    clk
    W5                   IBUF (Prop_ibuf_I_O)         0.414     0.414 r  clk_IBUF_inst/O
                         net (fo=1, routed)           0.685     1.099    clk_IBUF
    BUFGCTRL_X0Y1        BUFG (Prop_bufg_I_O)         0.029     1.128 r  clk_IBUF_BUFG_inst/O
                         net (fo=44, routed)          0.827     1.954    db_rst/CLK
    SLICE_X34Y37         FDRE                                         r  db_rst/sync_reg[0]/C

Slack:                    inf
  Source:                 btn_step
                            (input port)
  Destination:            db_step/sync_reg[0]/D
                            (rising edge-triggered cell FDRE clocked by sys_clk_pin  {rise@0.000ns fall@5.000ns period=10.000ns})
  Path Group:             (none)
  Path Type:              Hold (Min at Fast Process Corner)
  Data Path Delay:        1.302ns  (logic 0.222ns (17.040%)  route 1.080ns (82.960%))
  Logic Levels:           1  (IBUF=1)
  Clock Path Skew:        1.956ns (DCD - SCD - CPR)
    Destination Clock Delay (DCD):    1.956ns
    Source Clock Delay      (SCD):    0.000ns
    Clock Pessimism Removal (CPR):    -0.000ns

    Location             Delay type                Incr(ns)  Path(ns)    Netlist Resource(s)
  -------------------------------------------------------------------    -------------------
    T18                                               0.000     0.000 r  btn_step (IN)
                         net (fo=0)                   0.000     0.000    btn_step
    T18                  IBUF (Prop_ibuf_I_O)         0.222     0.222 r  btn_step_IBUF_inst/O
                         net (fo=1, routed)           1.080     1.302    db_step/D[0]
    SLICE_X34Y39         FDRE                                         r  db_step/sync_reg[0]/D
  -------------------------------------------------------------------    -------------------

                         (clock sys_clk_pin rise edge)
                                                      0.000     0.000 r  
    W5                                                0.000     0.000 r  clk (IN)
                         net (fo=0)                   0.000     0.000    clk
    W5                   IBUF (Prop_ibuf_I_O)         0.414     0.414 r  clk_IBUF_inst/O
                         net (fo=1, routed)           0.685     1.099    clk_IBUF
    BUFGCTRL_X0Y1        BUFG (Prop_bufg_I_O)         0.029     1.128 r  clk_IBUF_BUFG_inst/O
                         net (fo=44, routed)          0.829     1.956    db_step/CLK
    SLICE_X34Y39         FDRE                                         r  db_step/sync_reg[0]/C





